file,posx,posy,rotx,roty
83425e0970a97392014e3ca573bba09d.png,-0.035,1.302,2.66,2.66
85e89bfc2f4847c5e5ff9280bcce6d6f.png,2.007,1.354,0.714,0.714
a68b86bed0a9153ef03f5bb87c41e58b.png,-0.755,-2.152,5.966,5.966
d483eee669e43d04c7421e47071ede78.png,-0.584,-1.611,0.395,0.395
d7cada2b02fb4309be3251441dd419e5.png,1.021,-1.168,3.08,3.08
099db4191a105598d26990ccfce9ed29.png,-1.739,1.918,3.434,3.434
e5527098cafbf6d4efa8d42d41a98e99.png,2.063,-1.96,3.006,3.006
3a500051099b6e7821b2b596d0e02a1b.png,-2.245,-0.025,4.18,4.18
fc6e385f0eb0a67319060d67a4b8df84.png,-2.052,2.27,6.123,6.123
2498f6292a43482548e073a23b382ef4.png,-1.048,2.126,1.669,1.669
5dd3a08c4fb9ba8ecdd4d0c8ab867447.png,-0.95,-1.023,6.058,6.058
f5953678412837f8e6c42c731c6e3fcd.png,0.211,2.153,4.736,4.736
12767bb6adeb4bd93c17d54fda1424e8.png,-1.642,2.307,3.264,3.264
7e138221b8976fb56c9a718175cdc497.png,0.794,0.856,5.005,5.005
f4af1980cccbf79c059fc5ec03d1f31a.png,0.041,-0.123,6.098,6.098
a6c03c553201cb5cd9e002356eda1c45.png,-0.915,1.788,0.326,0.326
e30b2efe3c46f704db97545d271f6050.png,-0.145,0.758,5.827,5.827
6cb8fa4ba5edccab870f5350d2904376.png,-0.757,1.331,0.363,0.363
05105597fdf5aeeca32bb02c8d9e8a8c.png,-0.531,1.006,3.477,3.477
74e0a0487a0afd587761f0c076f47ec5.png,-2.398,1.128,4.577,4.577
3f5aa9fb82d5b4dc29f1452463721e06.png,-1.876,-1.329,3.69,3.69
4a4204606ee78e612d4159b92e660c0d.png,-2.381,2.314,6.057,6.057
5e0d31a1593a4236286076d20f40d223.png,1.662,-2.489,2.428,2.428
24a24a5dbcd01b03512628872b85470f.png,0.132,-1.997,4.825,4.825
a27a6f2648f4fa836343c0906956041c.png,0.505,2.496,5.245,5.245
4cba825570f14135ca2c4381a6b90368.png,-0.04,-0.066,6.078,6.078
71471c6e166487d4ad1fdb3c4edbc84f.png,0.48,-2.127,4.314,4.314
37306ba627255c7471c94b656cb2c218.png,-1.174,-1.933,1.424,1.424
98a7816154870d34363bfedc6880a2ba.png,-0.025,1.375,1.002,1.002
62af18c06dc1e8e04e2bb7db9a499eeb.png,2.397,-2.125,3.662,3.662
6a3829fb30120cdfd3a4d5920b7f1cf1.png,0.619,-1.042,3.252,3.252
ab99a0bdcc9c6e5d201ec926c3191ec0.png,-1.64,2.464,3.551,3.551
8f98caa8cb8c171f24a2534fee8d5144.png,1.246,0.287,4.72,4.72
7c504bea72e16f17676d82f094eefa19.png,1.472,-1.882,5.011,5.011
ab7f66f2a2c379116706ad16acc8ac7b.png,1.247,-0.065,2.213,2.213
3b1b2d46e0dab379d4bb7b712608bcd3.png,-1.704,-2.107,5.81,5.81
2a07d0067e7435f89f704289e2fc64d6.png,0.067,1.676,3.993,3.993
4cf27a731d6729c5a273016d22ed53a2.png,1.465,1.589,2.122,2.122
50ab169278155b4fb8b8524a47750643.png,0.251,1.571,0.438,0.438
dd782aa53698e0b8b3ecf43b5a20aeda.png,1.176,-1.024,1.802,1.802
05d3d2b408f66cc1c4a4b02670652c47.png,0.147,-0.817,4.573,4.573
c1e4f315c98266096080af3d45c6050b.png,-2.217,-1.637,2.79,2.79
4ffb75b856424cd165f9adb616ceb776.png,0.753,0.176,4.828,4.828
7f33fbac4b472fc735c47041471345a5.png,-0.795,-2.33,3.185,3.185
df1a6a34672232c43f81b98240494eb6.png,-0.687,1.08,4.637,4.637
7b53825488ee47b3211bf4c8127cd112.png,0.528,2.42,5.29,5.29
57cb476ebea523edd6da058ee6c07632.png,-1.708,0.393,4.479,4.479
3cde3085d7a89e978f31210670888218.png,-0.16,1.827,2.821,2.821
ead1fce5740432eb34b7c3b2edaf4386.png,-0.52,0.525,5.151,5.151
0d5ec724688d5809faab8792fd06d081.png,-2.378,0.45,1.045,1.045
5655a82a01ae43f47acbc6b12fd06e7c.png,-1.634,0.41,6.223,6.223
c28249329b38935f93ddb0315df8f8b7.png,2.363,1.044,2.768,2.768
d9105f9b333e0f5005cd6a99e62d6948.png,-1.183,-1.14,4.163,4.163
7a9d7f6f997be124456b3f36254b21de.png,-2.32,-2.197,6.233,6.233
9ece058555016dc2190541507f27272e.png,-0.57,-2.11,3.618,3.618
0ddfa2498a86f4a44f80cf0dbd496fc2.png,-0.923,-1.394,1.71,1.71
88eafc38536f93a6fde9c45cc70ef276.png,1.368,1.351,3.474,3.474
1cb7e344f048b38150f088bb0e914a27.png,1.611,-0.237,0.607,0.607
c872076c0078d5e3ac14f27875e08f5b.png,-0.056,-0.494,0.752,0.752
50861eac11b3b3576261061a473edc08.png,-2.046,-2.227,3.285,3.285
2337a40019af5c9d3ab94145181a50f4.png,-0.779,0.344,1.468,1.468
942ca6673848a1464ae874ee9f25ccf8.png,0.73,1.207,3.117,3.117
b064e6262ba934e06c142f48603afb97.png,-0.581,-0.407,2.207,2.207
49a1b4af53e309398a64f48ea5d23363.png,1.067,1.762,4.172,4.172
719d9c74ec4c4f2b4d05572913f6ca6c.png,-2.121,0.132,6.186,6.186
cdae1c857e0b6abbf269ec62532e810f.png,1.831,-1.215,5.385,5.385
88cbf6e9df5ca89738413b9dd39c5e62.png,1.961,1.353,3.497,3.497
32783c51e8837a0ec5a3e76dae5e4b08.png,0.538,1.423,2.636,2.636
a828722a7861b32fc46550e7aad2c02e.png,-0.337,-0.03,0.602,0.602
b45706c9e9a1367cc2c547054ee78483.png,-2.361,2.219,4.59,4.59
426028d0d4166eeac949cd5800e4c93e.png,-0.113,0.027,3.768,3.768
72ea048e9b6e2440b890ddb051a14e29.png,-1.079,0.974,1.842,1.842
2f91659ef1d23e964c7723cc4a92489c.png,0.859,0.055,3.081,3.081
8a8c98627c4a2cef6f3f442e9d733456.png,-1.03,-2.292,2.263,2.263
6cdaa3fac1db7bcc1cf476b66c6291dd.png,0.225,2.027,1.414,1.414
9682f4e56ded453035d9f2ee6091c2c7.png,1.133,-0.47,3.051,3.051
c78dd1a0e6deae6ebe2d41e118669a3c.png,1.806,1.977,4.95,4.95
c59796e4916caba318f889b0a6598beb.png,-0.088,-0.722,4.952,4.952
542a6ea08c8cf5ed46b17d8175fd79e8.png,-0.863,2.08,3.437,3.437
f8d2f81e69289bc2f8e4eaf2d33fe280.png,-0.595,-0.643,4.903,4.903
43fbc0cda510f9f23e2999d511a2aa95.png,-1.327,-1.604,0.678,0.678
03e27612698fb7d1499e25be13cc57c0.png,-0.358,0.133,1.858,1.858
cd45c4852879c636a7900783132ef855.png,-0.523,0.805,2.98,2.98
657a8257b2f438e48cded702fb0ebf32.png,-0.512,0.729,4.869,4.869
ba1ef17ca23c410cd45e5af175e6363f.png,1.245,-0.229,5.301,5.301
d2d33a4d75dbf24b6b0d5663ecf1df17.png,2.496,0.885,1.31,1.31
b8874fca212960546244bd13ef39d8f4.png,2.163,1.937,3.722,3.722
dd4372559a059b1879dd07bdc5fd92ad.png,-1.351,1.821,2.991,2.991
976a640036c2542abb9b6e0c15fa701a.png,-0.25,-0.768,0.643,0.643
ddbd8892330f746f697a607e1d91a8fd.png,-0.146,-1.244,1.203,1.203
04673a3dd4fde25d787ccc5d4636fe51.png,0.428,-2.459,2.955,2.955
9b8d544d465c07c1d7f24611173b1038.png,-0.852,-1.73,5.809,5.809
f1f9f60c8679ffb61ddb03e2530c8899.png,1.268,-1.928,6.212,6.212
3462caa6c061425b29901feba6c815c8.png,2.395,-0.53,1.072,1.072
88f2dae69c85737677c5bc8711c54ff6.png,1.429,1.769,3.131,3.131
db6c061ba2d026612c522b073fb0ad15.png,-1.277,-0.469,5.933,5.933
0dfa50f87806efe6d8a1abf789bed173.png,-1.711,-2.478,5.514,5.514
b193498ac3042ed542a3d799d0f759f6.png,-1.505,-0.421,0.977,0.977
8fb911c312d68da5c3b6b6d7bc3f3870.png,1.761,1.916,3.222,3.222
9701340f11c328df648b6474c9f8a364.png,-1.744,0.839,0.491,0.491
72124d9432f9e3ca7ad632b53dc2443f.png,1.325,1.427,4.695,4.695
a7af4b391f79160d591a37ebfabe185b.png,-1.678,2.493,4.932,4.932
95d8513f5c3c94c91421738f73d0b860.png,0.484,1.71,3.143,3.143
10929e54bbae4d918adfb6e6c6d19b71.png,-1.623,-0.518,1.587,1.587
1d1adc719302ac7688b6d953c3e8ce47.png,0.467,-0.762,4.166,4.166
d0eab62f9973c6783cd249d851b1ac2a.png,-1.303,-0.457,3.363,3.363
91badb5fa9b579aaf011d8a502492692.png,1.871,-1.735,5.0,5.0
63957b326d1a93370c771d75b328f6a7.png,0.471,-1.011,0.321,0.321
0703de2924ab6e857830f988c8a5c093.png,-1.149,1.078,1.276,1.276
65780f73517dcea736d43f09e3f033aa.png,1.898,-2.273,5.175,5.175
097cf3ea8b2b913171a7eb5780dab491.png,-1.591,0.088,4.461,4.461
b593e8d9f813f06ff0370d0c75499798.png,-0.691,-0.534,4.39,4.39
f142013f2327bd5b491df4c7515eabd3.png,-0.544,-1.645,6.001,6.001
f37d74c1807952834ed578a581277a1a.png,-1.523,2.295,5.688,5.688
dc421327d15ca45f1f84623e68216c98.png,0.373,2.422,3.524,3.524
50e24b2411e5d24aed1cabe90b135873.png,2.12,-0.875,0.045,0.045
4cc0381f8a92fd8e3d2af637d985a5ea.png,-0.131,0.428,5.565,5.565
5cf1b9f47e2b1411ff0fbe74263f7768.png,-1.78,-1.502,2.924,2.924
74ced2c58957bdfa47c9fd410a665f54.png,1.246,0.79,4.367,4.367
b1ce5d19ac8f538fd157fe81cb5543ca.png,-0.831,0.321,0.939,0.939
5a6de30422d410184e5d3eab684bfddf.png,-0.92,-1.803,4.788,4.788
4e347df0522c415bd8ce07817b22bf6a.png,-0.571,-2.425,0.985,0.985
66375743bab8be66087a8b75c1de1ecb.png,1.498,0.073,4.057,4.057
c2907ca1a3b993cf634d9ea422e689f7.png,-0.169,-0.062,0.08,0.08
4c1d5ee20b04a84f1d20112675523670.png,-0.937,0.621,4.268,4.268
dcec7382eaca3569b900f943c25bcd64.png,-0.265,1.359,4.431,4.431
91171b16385ac893d60de4fb6a92f840.png,-0.447,2.231,3.243,3.243
9080ca2cea4ac9874e5279e61e6e4b9c.png,1.763,0.679,2.149,2.149
b05071cb82fd57ee34d5b721c3af632b.png,-0.709,0.881,0.375,0.375
41c3ccedf2e63232c16d1ab39393fd0d.png,-0.362,0.094,4.398,4.398
e9c9efa3596ebd3b020a9505e829b1fd.png,0.883,-1.659,2.465,2.465
6f5122ae45fbd9414c70f05a777e4a1e.png,2.036,-2.432,0.61,0.61
6466875b91d16c750f214af72f7697ec.png,1.824,-0.824,3.546,3.546
2947bb81698d0d51ee74a9d9f654c00d.png,-1.292,-0.376,5.868,5.868
d549560e04c73e8b4f83cc78078ecbdc.png,-2.484,-0.801,6.145,6.145
ce1f688a66bc03715ddbc07b7ec22eee.png,0.007,0.801,3.522,3.522
4b8da873a8bb799989a0af219fdbcae2.png,0.171,1.759,4.551,4.551
3f0209aa01dd7f5a8fcb08c5ce7e7b95.png,2.348,-1.607,2.296,2.296
eace03e1e15e45f00e206f87a114f510.png,-0.534,1.55,2.538,2.538
102ac77a418ce0f770b6eaee8f2f44ef.png,0.669,0.632,3.026,3.026
4d669f79c5de2de600c37188d1eb1b90.png,-2.158,-2.315,0.665,0.665
21d2ee58e551ac5a919462b8324b94d7.png,2.071,2.353,1.915,1.915
9ddba874642e4d31d1229614322c8629.png,1.932,-2.217,0.145,0.145
0694a5c2017a84e0678944715c5afc0d.png,-0.852,-0.894,5.01,5.01
fbefa302a5c87ec3f990587da93d268c.png,-1.344,1.11,3.586,3.586
3ab56f4e57f590b31c01ec0c70551c8f.png,-1.814,-1.081,2.883,2.883
a2935f1678b9e1736c07120f638252eb.png,-0.697,2.037,4.239,4.239
b7b662b90d8181cf26602551beb800cf.png,1.225,-1.344,2.632,2.632
6eb9cfcb3adca608cd7d626038cbceb7.png,1.369,-0.231,1.447,1.447
1391f36b7852c0c299f024e0012b3d64.png,-0.338,-1.824,4.683,4.683
40f3d53c81479ea8c745a8b31a6b5a43.png,0.896,0.551,1.529,1.529
04c08ee06c2483801d49b33751bb80f7.png,2.011,1.356,1.562,1.562
ef449ce2018175b059deddea50de1241.png,-0.908,-0.556,3.993,3.993
f3996e5efd331e402406c35387642bf5.png,2.413,0.628,0.335,0.335
5660174f89bda1917e969b02c3e3b67c.png,1.493,1.903,1.435,1.435
483517eabfeff463bbe36da33bf06366.png,-0.091,-0.335,4.857,4.857
89ba6006dd5deff5c794a3187f82ef38.png,-1.925,1.216,0.576,0.576
3d8a91fbab5f61d31bcacf75224d448e.png,0.269,-0.509,0.159,0.159
fae9a8bd0fb7d687190bfd5f21dc5780.png,1.959,-2.013,0.613,0.613
7c3039916a2e8fdc9054f68259d62414.png,1.679,-2.136,1.436,1.436
ecfc85835c8731eaa0b0bb7095d48ab4.png,-1.901,1.083,4.979,4.979
5a800a48c2e113076aee59e92107a090.png,0.393,-1.305,1.482,1.482
ba9e5dd670b6d05282f454aea7313133.png,0.388,-0.682,1.915,1.915
f8a611aa0f2cf27f597669bd2c8390ac.png,-0.719,-0.555,6.118,6.118
3700709336e9c6a7ef5480e7c5bc20b2.png,-1.234,0.907,3.571,3.571
7f9bed2efdd939478cda00d350f04a38.png,1.167,1.293,4.727,4.727
44e9b6c7de65c50510e016e78fbe51b5.png,-1.847,-1.548,2.323,2.323
3c2d80ef1690a78b190d888b0794e4cc.png,1.529,1.728,3.683,3.683
9c8a043c47d917c574d454d8b79e6c18.png,-2.405,2.253,4.726,4.726
67a68fa13a0e3f153e3a0bb2e37737ed.png,-1.333,1.59,4.089,4.089
54ff8220b43629c84b2bf68acfe91a77.png,-0.585,-1.939,4.024,4.024
cf62a76a7aed1aad5716a5e60924571a.png,-0.752,-0.066,1.66,1.66
8c7cd426dee97f95e6c99ab4073db4eb.png,1.727,1.467,0.947,0.947
d3670df1342efbc037f63870b879872b.png,-0.323,-0.563,4.451,4.451
a74af0431235a6360c81eb70d9ad2b86.png,-1.095,-1.792,3.482,3.482
94f1acc3972a6bc831a59638b9c133be.png,-0.27,1.681,4.083,4.083
b6fc9251b4ca499324985af177fd96f8.png,-0.788,0.365,3.967,3.967
26ae951567d372ed30b14e5e1ad773dc.png,-1.008,-0.386,1.215,1.215
282c08578fa04dccb7d339777be9cf54.png,2.308,0.557,2.366,2.366
7a451e644ec0a4b692af9cf20f4d2091.png,-1.871,-2.092,4.43,4.43
d0acec52e1c4c342e943069dfa87acfb.png,0.221,0.604,2.189,2.189
0b9c0030e1565f2fea65ab78d594fba0.png,1.561,1.757,2.035,2.035
fcdac392b06434369b8022258da3afc7.png,0.89,-0.191,5.405,5.405
594d3590a42157130531445cf4461c12.png,2.47,1.662,3.413,3.413
36c837560735363d98981c28b15a958b.png,-1.939,-0.235,1.49,1.49
630496ad51ed80e3236d6cf95b745184.png,-2.449,0.821,0.801,0.801
fc749105ca9c455a9334f162b939ded0.png,2.358,-2.195,3.834,3.834
7057a96e724a0deb2c6b08142fdfb2df.png,-1.164,-1.402,2.826,2.826
5d662c3ca080a7a243a5c2121dd6d980.png,1.944,-1.7,4.912,4.912
279fbf5751f1fc3043a62268c3d85b0d.png,-0.766,-1.183,5.827,5.827
696f6c2f1d0c77a58d34bfd7a584d453.png,-0.383,0.179,5.625,5.625
ada4b6dd4ce05b4a7f99fa791a9dc8e3.png,0.188,0.13,1.143,1.143
bfce6d52461b402514d390921f00facd.png,2.476,-1.378,1.236,1.236
61ff119c29137c414ae68bcb7582fdfa.png,0.665,0.727,3.545,3.545
48c192e83320df9e13f9f4f67d08f526.png,0.171,-1.43,5.458,5.458
5019bfd3ccd8b4ea374f4c6bf81e5aaa.png,-1.412,2.119,1.533,1.533
ba08077f675b2ff57d32d426ba5de9ff.png,1.048,2.164,5.917,5.917
50965cf48c8f489d068cdac3166a61d7.png,1.992,0.251,0.13,0.13
92d752d52f8dcba3c4e3551039fb285a.png,1.337,-0.804,3.519,3.519
b237bb3984b5d5f363dc313529d79cda.png,1.907,0.992,3.232,3.232
42c48797d0e8a96bb73cfc558106e4e4.png,1.634,-1.338,1.703,1.703
5c7fce92e1094884be9ae2c5f7a409f5.png,0.418,-1.906,2.562,2.562
36b43caa5fcef94d8f88b1ce0656a8e0.png,2.27,1.146,1.743,1.743
c0bb0c6822851377909daa6f80ece5ac.png,-1.65,0.411,5.93,5.93
cad1f51cf0f0ce5d4e197cbc4917f98f.png,-0.519,1.628,1.609,1.609
28b8e6a44efe6e570c4864a3f59cdd2e.png,2.402,-2.343,5.973,5.973
3c8cfc013d499fc49bbebf73ed63fcce.png,-1.905,0.395,0.778,0.778
c7320874efcb44d6c92ffacb486c54db.png,1.763,2.438,1.48,1.48
65d6b7445f5630751aa1f9532690abf7.png,0.857,-1.822,1.53,1.53
aea3caad7b23200b8b566caec3ce38bd.png,-0.2,1.028,5.014,5.014
581808058d8614e37d6de4155e690141.png,1.14,1.876,3.119,3.119
f8d43917d6c1e4e955494ccbf4e97378.png,1.031,-1.647,4.149,4.149
e64fc4c1653af622c090a6204a7f4f73.png,0.014,0.976,2.318,2.318
13ffb973f9c8a33800090d8851b4f9ab.png,-1.931,0.544,5.772,5.772
191fd1b9e169c2802041af26f87b87ea.png,-0.978,-0.622,0.402,0.402
badbc520de612c5f5bc3e4ca3ad887aa.png,1.753,-1.79,4.831,4.831
a6ae312e98d86f4730e2d66ab7e00429.png,-1.95,-0.536,5.56,5.56
e5c340fe9c03f295e1721aed9d14382a.png,1.206,-2.469,4.558,4.558
177efe396241b8a2135a7a9313abd0bb.png,1.538,1.34,0.63,0.63
24fb7a9297cffeba456210a12e2532dd.png,-0.571,1.705,2.81,2.81
f77f04dbae6eda4163b341a48d22c053.png,0.437,-0.971,2.769,2.769
4f7c3073984d3e060ecbe39a176f8236.png,0.63,1.167,1.397,1.397
57c5ff2d087ad456a2d54f3e2eda6cf3.png,0.696,0.959,0.362,0.362
367950ea49f2b54de5d993ac3713b497.png,2.085,-0.586,1.358,1.358
84f0bd6c71fcd9c0ad4dc234041a70e0.png,1.794,-1.814,4.917,4.917
b2940768cce5d999a8b323841c1874a5.png,-0.912,0.693,2.632,2.632
7e100b84ce9d8af6905d19397afc3263.png,-1.291,-0.298,3.923,3.923
cb7024908beeee1e223d0ee4b00035f0.png,-0.938,-2.043,0.619,0.619
39a2deee36d914e2d25f5ea743421624.png,-0.257,-0.121,1.684,1.684
c98a127bde4aa3aa5d3a4db2363b81a4.png,-1.847,0.286,5.259,5.259
9a62f0673b0b00a2d598ec4561c5eee6.png,2.479,0.242,1.852,1.852
1a587684274b9b051274ccae9a9f7686.png,-1.117,1.135,2.513,2.513
6e15bd3faeed0c743cb640461722df2e.png,-0.239,2.131,6.11,6.11
5f9055213c779bcad743d26300b622ff.png,-0.859,-0.803,3.104,3.104
2f27e1b21125a4c0b413c3e0a997fb52.png,1.225,-1.852,2.958,2.958
2232eae182419e740d3ad7df0444f0ee.png,0.354,-0.064,5.227,5.227
f31a7c04b99b8c072c33b6c0e8704c81.png,-0.904,-1.416,6.196,6.196
568e9bf14685c4ab9fc8d02c6b64ed93.png,-0.836,2.187,1.134,1.134
71ef77eddcd07dd944620d22bdfd77b0.png,0.661,-0.683,2.223,2.223
5703cf8b24fcccd76d3027b7e0c7f452.png,0.574,-1.782,5.857,5.857
1aa082f5382a27675b5db3fc06c22ba8.png,-1.04,-1.527,0.501,0.501
95ed455128a0605fc7e1cf882c004d43.png,-2.393,-2.089,5.967,5.967
49fc45cf3c5bae5a030b2dc1a24b30d8.png,0.497,0.223,5.455,5.455
8fbebfdaed5a50cc1cfe2baf607cce62.png,2.235,2.04,1.481,1.481
8dc5d5d931d2f44d7a4b8d74dad91fe4.png,-0.578,0.032,0.217,0.217
266ae104b9a3d8695d8d4369ea8a1fd0.png,-0.929,-1.499,1.823,1.823
a6be73b31f49e9a4e7f6567506fdec31.png,1.599,-1.002,5.876,5.876
248693407a9073329376e0f768b970ac.png,-2.081,-1.515,0.099,0.099
d049e07511bfbcb608579494a205fbb6.png,0.855,1.122,3.107,3.107
1d7179d940e520185111eed62362430c.png,-0.569,-1.735,3.286,3.286
3b52cb3a4316296e97783b379d85fcb6.png,-0.493,0.817,6.037,6.037
e42c343c2e0c4eb59c3ad9a2904815db.png,0.898,-0.483,0.83,0.83
f979e1214f5cdb73afa512f527b186ff.png,-0.862,-0.572,4.21,4.21
08df5a6a194fc5e2242dfe3f11bc5f5b.png,-1.846,-2.147,1.51,1.51
1a8a8b80b021866d65196d139936710c.png,0.476,-0.678,5.765,5.765
4b37c1c84e443ec1172c49a53cd3b966.png,2.033,1.034,1.028,1.028
1f5d8b8419bf9fdf681fbe820833e262.png,-1.068,-1.84,5.595,5.595
51cbea9fb61a3a81f6c42a2a0c53ea2f.png,-0.018,0.064,4.978,4.978
58b46ec96aec6ec9157e2a3c150724bc.png,-2.223,-1.034,0.623,0.623
1e4cb2a05b01ba22f743db1e4553dd11.png,-1.538,0.03,4.462,4.462
42621d19bf820969b45369681f281eb9.png,-0.821,0.607,1.294,1.294
348c6d7360e4a4efa7044fc33725b11d.png,2.307,1.792,1.38,1.38
599312b6d045acd87f9e30ab990da6e0.png,2.081,-1.76,4.639,4.639
623b2f4504a1ff4fcc12eb9443dd40e5.png,-1.698,0.065,1.339,1.339
713ece3ca4490853cac201577d00e2b7.png,-0.91,1.11,4.319,4.319
086e99db066d08f1480cf527ccfc19da.png,1.627,0.303,3.198,3.198
7f936ae6f8cd39569bd02936b4b00858.png,0.771,-0.32,3.185,3.185
3662558fc55bf7a9c245a194fbe886a8.png,-0.827,-1.452,3.32,3.32
bdca8afe411957103cb0b867395a2766.png,0.759,-0.266,3.331,3.331
a4c13527bbec0e8536cd79f5bdcab1d6.png,2.007,-1.109,1.087,1.087
289592a592a666264043e9b15b0d42aa.png,0.649,0.136,0.573,0.573
769533ec996c97a77d2cf9869282d52d.png,-1.268,1.873,6.111,6.111
213aaed981ed77f2d94a42a77b8d78b2.png,-1.54,-0.824,1.358,1.358
3cc94be02da74583063067f77d4d4149.png,-0.298,-1.452,4.123,4.123
237ad6c3c7e3487a97b174051858f8b3.png,-1.076,2.245,2.111,2.111
e9a2deaa18ef9ac8dc503583f86c9c0e.png,2.314,-2.047,4.76,4.76
149dde60b3eba879af52434851936ec8.png,1.508,0.883,0.954,0.954
863cc7f72461d134160ef2f3ef6f02d4.png,2.388,1.174,2.132,2.132
21d903552f7027a368fa9887449f02a8.png,0.485,-2.102,2.464,2.464
a6f8eb9b78d92e28eafbb2a1654c00ab.png,2.443,1.744,5.835,5.835
11b08880ba7eb237a7fb696e41177787.png,-0.368,0.561,3.192,3.192
6fd83637cda15756c8a47276b025e734.png,2.119,1.18,1.021,1.021
caa6a1bc07d5f872a709c4cafc86ac3e.png,1.48,-1.858,3.526,3.526
7edc1978ceb2f16608a87da6de94d0d7.png,0.339,1.545,5.039,5.039
6cd2a0d17ab4b7cb4e756a1275aaa861.png,1.154,-1.262,1.486,1.486
39b80e4cd85d7a79d5c8b6cd720e991b.png,-1.593,1.987,2.003,2.003
718203e9741c752f3d2f8bf16155b220.png,-0.353,1.11,1.07,1.07
3149f21a0c42cbdac542d5d729b58339.png,0.746,1.112,6.208,6.208
be7af87802b537175cdb4e96a6e52a9a.png,-0.987,-0.312,1.249,1.249
10aa7c484a98bb1f059d15e355d6cf56.png,-0.757,-1.176,2.787,2.787
b66a85329ce52c5f812cb6ac3c977276.png,-0.505,0.449,3.443,3.443
37d7f96be47f4d1e7b0a088667ed5789.png,-0.284,-1.337,1.96,1.96
0d154854c8af3b158036f7827fe02df8.png,-0.566,2.192,4.145,4.145
bec9110fb1730096d5beebf69086e130.png,1.62,-1.158,3.473,3.473
71eb3365e15eeb9ef5a53aa36369dcda.png,-1.528,-1.273,0.481,0.481
7d2fb6f385e5f6135a7a78e7a2f13206.png,-1.659,-2.192,2.039,2.039
60ab8d1f928f6ca98b4194103173a829.png,-0.171,2.005,1.957,1.957
92afe38b0100f91f2c6fb802fb2c3c50.png,-1.247,-0.605,2.634,2.634
c9546cfca028077bdb29fbd17440ed6f.png,-2.03,-0.018,4.241,4.241
17de6eb332b98f309268b14a2b5aad48.png,-0.424,0.436,0.835,0.835
2e35c33fc5ce00f92a7b5c53da61d262.png,-2.17,-1.722,0.78,0.78
a637da488c277297676405aec9d70bc7.png,1.897,2.337,5.624,5.624
f60b452172a0aebf03bc4be96404044e.png,-1.084,1.381,2.87,2.87
4170a37b733d463f0aeb7063d0cdd33c.png,-0.807,2.021,2.876,2.876
387c770fef6e1a396452bb7ca09089f1.png,-1.645,-0.813,2.448,2.448
a21118ed02adfac9ebd173dbac3c8066.png,-0.864,-0.451,4.895,4.895
7570a73315626d8e84e648aca39a722c.png,-0.745,2.329,0.728,0.728
ba88259518f7bbcacee3abda24469f17.png,-1.172,2.449,5.877,5.877
921a6d8cea931d8cbf91d0728c802f08.png,0.537,-0.789,1.595,1.595
c215008ca53a0608f8ad709cee0af178.png,0.038,2.097,1.322,1.322
0a7b5b6b332045708a7e52578b02e789.png,-0.219,-0.257,4.168,4.168
170fd64a7cd9c8a763f419d1961381e6.png,1.206,-1.797,2.657,2.657
13f4956eccb82a86aac2b6518ca849c9.png,1.257,-0.574,5.2,5.2
0d88f54555e6a8403ad149e6b553cb3c.png,1.115,-1.737,5.901,5.901
332fe6087d24421e09ccf1af2c250f7c.png,0.82,-1.588,0.062,0.062
dc120ea408ce65f10e649ae3725d205f.png,2.386,0.406,1.8,1.8
135795205a40ef04628be8d8534a820f.png,0.627,0.406,0.403,0.403
31c0fef6583e4c110173637298cb8f9d.png,-1.462,-0.317,1.066,1.066
0b2f608916f2fa164ef053552d913f83.png,-0.972,1.098,5.86,5.86
5ee4c3d4ff5db90e9b32b0995a8bcd26.png,0.986,1.318,5.346,5.346
c37b1e455aaa5f09f72ede3b9a725e13.png,-2.412,-0.242,4.215,4.215
3cb1248978344dcacc591902fe0a0c6c.png,1.057,-0.245,4.042,4.042
e2e19faa4fe2cd8c78e247216f15d5cc.png,0.225,-2.25,2.112,2.112
2462bc51e88d8281878779ba7b955fd4.png,0.111,-1.93,1.564,1.564
f7b238fcc1b489b310f21f41c4d89efe.png,-2.284,1.281,1.926,1.926
1070870e2b312c55964c15c4b24ca974.png,1.224,1.313,2.037,2.037
8c43f5b33dd935d0cf698c41c0eecf4c.png,0.812,2.096,1.832,1.832
24f8663b459cb46a210f7b2bd3162ec8.png,-0.413,-1.381,3.975,3.975
cd4667b0a58ce533a1a5a41723d79b7d.png,0.416,-1.284,5.676,5.676
bc3948a1b6edd43ddad8ed58cf7ca86e.png,-2.328,-0.769,5.933,5.933
217b89566119aac3d6dba0cd15acc7c2.png,2.424,2.299,5.916,5.916
5c7091c883314f1880e98840a9341d04.png,1.575,-0.494,2.942,2.942
301a363ae9df7b18b6d3d4e09b752149.png,1.055,0.586,5.879,5.879
7c92c5eac207ba8ed0f48dff047b034c.png,0.15,1.978,2.556,2.556
ed872f745adebe582f48f568cb3e12c1.png,0.183,0.092,4.598,4.598
6a560bc64db2eea2821d003779d0f7fa.png,-1.224,0.092,4.672,4.672
63d90a60917850b8dd4fcff774c19fbc.png,2.391,1.515,1.437,1.437
82a5f67e3c152c7c63ce321deacc1ccf.png,-1.339,0.604,2.769,2.769
4da46b7c653db37bf0943e903fe4af35.png,1.382,-1.693,6.096,6.096
e5f27416df8369e3dddcb82f46fa4021.png,1.438,0.275,2.777,2.777
8932baadf66a1842fff758e86b79eb1d.png,2.471,2.006,1.179,1.179
8245e938282c3fcf52dd2d65d03e85a0.png,-2.171,-1.449,4.686,4.686
d6298023c0319c0af6a69d6740aea9ba.png,-0.264,-1.261,1.613,1.613
af5596eba553c563915c17ed137ac07e.png,1.938,1.451,0.589,0.589
513ce7302b5899c42c927db421ef8a94.png,-1.612,-0.723,4.72,4.72
ee7e4c83bfd8f122d9ced71fd9305b34.png,-0.746,2.292,2.161,2.161
cd7ef8b76844c6844abae59647c6e7b2.png,-0.804,0.234,1.468,1.468
f7085c04e4c9ad62d510f25c271c81da.png,-0.493,-2.279,1.887,1.887
092a09ac1297c23d3acf8f00c30ac9e9.png,0.259,-2.092,3.211,3.211
fc213837dd5399fa86e6169578822b9c.png,1.858,2.496,0.792,0.792
18873eb4acfd1af128e8fd6f728b714b.png,2.353,-1.077,2.835,2.835
ac2f8d0cf6a617958b69bb7810ebf802.png,0.691,0.332,6.175,6.175
b921211b59447a58911eb14318432d61.png,0.851,-0.669,0.034,0.034
6396a179f5b10ca7c6dbd37453ede449.png,2.344,-1.909,1.509,1.509
5b9fb08fbf2a494cf6a511e3de03a2ba.png,2.014,1.609,5.013,5.013
67c393a000c8a4497971c977048ed0ad.png,0.316,1.252,4.994,4.994
b142dfe23384a372c6e3122a378f5d9d.png,-0.019,-1.979,1.24,1.24
d2ac761756c5d71d5df0188b9634b30b.png,1.014,2.453,1.513,1.513
63ad1314384b0489b2b3a53baf6ca739.png,-0.936,1.534,6.119,6.119
43cef152f815b9d93f5b3fa69fc7ee81.png,-1.043,0.852,2.346,2.346
e284f4eb3f7765c54dec16a212836560.png,-1.398,1.941,4.336,4.336
748f20684bcfc92432fca24ee54120f5.png,-2.01,1.582,4.911,4.911
d3138700edf31621bfe689c1ecdcb6cf.png,-0.038,-1.708,3.385,3.385
2dbc1d78b61abbcdc1a7c34082ebe7ad.png,0.919,1.639,4.226,4.226
7becbc168502460dcd97c1f43150f902.png,-0.406,2.323,1.124,1.124
899c52b53344eb64e25fa46fc1113399.png,-1.153,1.089,3.003,3.003
4083fda3be82cbdaad90dbb79c9903a7.png,-1.661,-0.916,2.808,2.808
fe21ae46c6c735c87a19b1776faf33be.png,0.643,-1.28,2.931,2.931
fce3e3ee35c7caba450541cc4855198d.png,0.535,2.01,2.413,2.413
2e093eaea615f7e0668afa85d513c5a5.png,-2.151,1.249,0.547,0.547
30136a6a9e1ed6e306dcff3a87bd9bea.png,-2.438,0.705,2.937,2.937
394ac1bec79f82ca81a6ee836253a5b4.png,2.447,-0.485,5.057,5.057
6420bda1a920d0178490607dd36a86e5.png,0.62,0.44,2.944,2.944
dfcdbe0134856121b2ccdb2a8d679a21.png,0.077,-1.575,0.234,0.234
4b7a0bdb415a22a8b5f86ab695e48def.png,1.037,-0.42,0.882,0.882
8303e57045d1701a4f9e60ece8a59262.png,-2.308,1.94,1.682,1.682
d33f20e5e3a01ffe1d0feaf153d113d8.png,-0.75,0.821,0.708,0.708
196415b73096eb582d1e963bb33c5e24.png,-0.516,0.605,2.081,2.081
03f4711ff952ae627ac7af03dc7efeb1.png,-0.581,2.326,4.205,4.205
64c8f6448d4376fc9ac13b8ac68573f3.png,0.199,1.669,1.772,1.772
3291fc947a2b65d93b431ce3a844c321.png,-0.014,1.974,6.16,6.16
62282e239897d1eb3e83cb8e7b0f6ecf.png,1.147,1.455,4.327,4.327
c4b8eca1f7e972a977cebc744493280d.png,2.197,1.386,5.105,5.105
4eab81f906b68011145e6f837c1ac38b.png,0.915,0.978,5.998,5.998
4affa61ba086ee1c511a1d51b323fdb5.png,-2.038,0.87,3.166,3.166
8a14e3ec56dbfc5d05abe115c197825b.png,-0.232,-2.003,3.143,3.143
178bf052cd45e7b3d9516c93625495b2.png,2.425,2.02,4.968,4.968
cb93d6ef69f593d15ceb059f490c5c65.png,1.352,-2.439,0.332,0.332
c3530eca01fb9601eef3dbee9c8a11e7.png,-1.185,0.432,3.954,3.954
7172107e5064b2bb189a4e97f72a1a2e.png,0.216,1.605,2.817,2.817
ce106183eb135464bf09fde6fcbf8544.png,-1.019,-1.409,0.047,0.047
bd3e4de67657731380dee1892617066c.png,-0.024,-0.587,3.996,3.996
5d696f5ab1bf1188012dea914341b214.png,0.703,-1.258,5.743,5.743
a73018638b37f7f02c82a69c3103e81e.png,1.906,-2.175,6.178,6.178
10ff590c912feae2f0c81d9a0b0055dd.png,-1.253,-0.332,5.641,5.641
da61d2597495282adde0bdc20837a4eb.png,-0.203,2.373,4.701,4.701
b9b011442cdfe0cb1ad93a5891cde3b2.png,-0.717,-0.687,0.955,0.955
c55a614fba3c3b214ea0dbda5df21bc4.png,1.87,-1.986,5.15,5.15
8276dde6dd2393ceefceb90e8894aead.png,0.459,2.289,4.635,4.635
573a743c6fe1cbfcda9019015ea7f4c9.png,1.107,0.017,2.956,2.956
35f92455f3d7d5f7b6ff5f11064f9f45.png,-1.609,1.759,2.449,2.449
423bb58aa4ed615b610770b6f6bcc6ba.png,-2.109,-1.974,0.992,0.992
6b066898e62162d15b83bbca4b336a8b.png,-2.419,0.642,0.906,0.906
39eb448fa68a1e2a93ce3323680553f7.png,2.46,-1.189,2.355,2.355
b5326170d1c54f674b0f2a96be81ae57.png,-1.26,-2.059,0.178,0.178
99123a480a48ec00e2cf25b5325a9073.png,1.189,2.059,2.634,2.634
bbca93bfaea5bf2e7d94ee0416cad087.png,-2.037,-1.116,0.949,0.949
b460a3fadb5fa2af64ed23670cb7fb6a.png,-1.452,-0.568,3.208,3.208
a96d4ed181481ea35ccc09cbc246f6b9.png,-0.161,2.418,4.541,4.541
251a1cc0f7b6796917b87a528b03f852.png,1.379,0.285,2.397,2.397
ad9e12e85ff857e9719ab00535a45fe5.png,-1.153,-0.945,1.876,1.876
fec433a044c9d3bed4e0bf97897b3e49.png,-1.908,1.696,0.545,0.545
b468fc347a38357bf376c6c1e7a95ac8.png,0.191,-2.437,0.527,0.527
963fc0128483cebe6357200a7b848982.png,-1.6,-2.319,5.65,5.65
ba5e5ce3dff54401e0a87ed9ec85194b.png,-2.365,0.967,1.78,1.78
fc164354fce6ad5647fbcd208fb7592a.png,-1.887,0.391,0.509,0.509
6d6153883c21a906a5cdd7363392c7f4.png,0.921,0.386,1.778,1.778
9e1c3f21269dc1ae9d0bb42e0050ea11.png,-0.719,0.764,1.254,1.254
39ed8e8ace3217761eff66163567ad3e.png,-1.606,-0.38,3.32,3.32
452dd0e694285b946fa4ba79bed6238d.png,1.989,-1.342,0.576,0.576
ca1f1e4c180c8eda83707de1f23f230e.png,-1.367,-1.802,0.499,0.499
4984b647e8a7cd74eb5ed19121c3977a.png,-0.621,1.252,3.951,3.951
165f1f55d7d78a47e618f1762daaaaae.png,-1.938,-2.054,3.79,3.79
c70d9fd986e793d42a00c7f0a75ce016.png,-1.014,-2.027,2.218,2.218
3400eb9db86eef919ea78a22817353a8.png,-1.773,-0.538,5.221,5.221
57f05baa23a0a7a5109972e2cc4464b4.png,1.482,0.801,5.938,5.938
d79e213f781681cef33d012aa83e60f9.png,0.368,-0.135,4.308,4.308
fbbd47be437842a8e009bbdc87e136c4.png,-0.407,-0.955,0.316,0.316
9b3f79d0081b881a656a9ca94f31ff34.png,-1.713,-0.92,3.805,3.805
648e1e62b797ab284f766b17cfd64fe5.png,-2.449,-0.779,6.031,6.031
f4ce36434d5190d88efb2d527da422e6.png,2.003,0.886,2.446,2.446
a6de56cee89a38bdf7833afa0cc9236e.png,1.063,-0.016,4.898,4.898
3de2002f803dbc193f2f00fc98872a4c.png,-0.714,1.086,6.127,6.127
c335598814ecd2a7837f6efb4120596a.png,-1.689,1.374,0.97,0.97
044fe36f125e83d3a1bd54421c6a1779.png,0.203,0.499,1.804,1.804
b470e1cae62beab8854e8ff48aa2b2c9.png,2.16,0.282,2.626,2.626
372977453f227ad613503b8133ea61c1.png,-1.509,-0.385,4.543,4.543
66c06af23762f59e1dc57625a9d11f19.png,2.469,0.127,3.416,3.416
4940e918ec652ab8e21be376ebf7f3d1.png,-1.092,-1.171,5.114,5.114
fcaeff7a1fe268f2878b6920adab6eff.png,-1.149,-1.902,0.743,0.743
5661303e4b26ffc68a147ac4aea27504.png,2.374,0.029,0.405,0.405
e095187f3c91abaef175f2ca7509f58c.png,1.873,-2.382,5.982,5.982
612088a33a482b778319363b54cfa1a3.png,-1.848,-2.366,1.276,1.276
fbaae5913fbac3788ebb1e68140a1035.png,-2.064,-0.092,3.202,3.202
b59d5218986014d9268224514f9b2216.png,-1.38,0.694,1.66,1.66
5b03cb8db94660e434a3d39f31d6aa35.png,0.482,-1.636,1.487,1.487
f04ccf5d00c3f919e3f6b071c39a36fb.png,-1.689,2.325,0.56,0.56
b9457955158c91a5e8297802f0fb10a5.png,2.364,1.558,4.178,4.178
c9e0b88a5b5b4f9799d891dbeb96fe6c.png,-1.509,0.163,5.866,5.866
b7407fb5fba744610fdff0c80e43de6b.png,-0.878,-1.8,1.245,1.245
0d3348c50b21ba0dded95ecb172838db.png,-2.378,-0.255,3.769,3.769
ca50cc8a7c77943f79080e03873b1486.png,-1.775,0.253,4.521,4.521
cbf7e9505bdfda863013ba45ee702426.png,2.391,1.848,1.759,1.759
f9d82bfcb57d7a19c0db882a9b2c4d74.png,1.731,-1.315,4.41,4.41
5a8c756340e7b8083ac682a0d06c0ce4.png,-1.488,2.216,3.304,3.304
060e4442aa7f73af46b85b6ae74573be.png,-2.083,-2.428,1.684,1.684
8fb2c8812aa34c564991148590587928.png,2.491,-0.146,1.719,1.719
6b18dc4c9db162bc0cb09b524f741992.png,0.163,-1.373,2.919,2.919
a56737aadcdc527f9e9e85943ca9bbb5.png,-0.764,-1.141,4.842,4.842
55d21645f095707d66ab113fedc20346.png,-1.219,1.493,0.784,0.784
2cfb80cb4f68ae02678e596c04e1d3cd.png,0.73,2.257,3.783,3.783
b5dbb3e128b14fc94c265393d83cc8ad.png,0.791,-0.817,5.132,5.132
9a77038465600cd766eb2fc561fc7325.png,0.52,0.008,3.033,3.033
ba8f1f173261e84ae11fd8c83ade2532.png,0.386,0.756,4.255,4.255
18ffd938227b08c8d76c8f420253d187.png,-1.583,1.54,3.642,3.642
fde4be1d432d574d7a08fdffefccf35c.png,1.269,-0.646,5.424,5.424
4baa4c31d7ec2ec7a1e881810374a966.png,2.033,-1.022,4.912,4.912
f57c44482a5782ea1803dc20d9f18112.png,0.515,0.884,3.885,3.885
0fad2671207f0a27caffd2df38df6cc0.png,-1.232,0.386,3.078,3.078
21b1bfac99df5a427cdf4d7c9ef54993.png,-1.652,1.139,3.614,3.614
77c2d5f7b9a5f6ca87c462d3aadec804.png,-0.271,-0.235,5.861,5.861
cc422d3ee2b6314cad6088ea517287bf.png,0.56,-1.934,2.723,2.723
6bd65a7c412dbd5e8c03d47ac0706d02.png,-1.95,-0.234,2.109,2.109
935e52799bece701ad31cbecbcb238e5.png,-0.792,2.388,5.977,5.977
96e18a8acd9d2ed0ac6aab8486365f04.png,-0.074,1.022,5.951,5.951
65449ad9411a2b65467d9341c5d3fe70.png,1.862,-1.903,1.16,1.16
a750b2947304f9367975e83468fe7217.png,-0.93,-1.406,3.428,3.428
88c6bc11764f47b3aae80f9b894b6129.png,2.384,1.448,2.503,2.503
280441e2fff0dadb2b74c5100fcf1598.png,0.354,0.126,1.631,1.631
e4dcd6d661a5837c17a19d01f04205c9.png,0.728,-0.063,5.172,5.172
2576b2fad7076d7ab8c2cf4d59571066.png,-2.129,0.536,3.789,3.789
d7c9d029dfbed94eed12ab0822287bad.png,-1.994,1.398,0.093,0.093
65a7795478ca6ae42453d041288a25a8.png,0.125,1.255,5.57,5.57
f799f3f50ed907c39b16fdbf0a6f7b38.png,-1.343,0.844,1.152,1.152
923835a22633cca25d6998959613e13b.png,-2.229,-1.536,5.961,5.961
beb67abc630abe2d22ff79921c041501.png,-2.404,-1.354,3.547,3.547
947ae3c6394a5a0f96099453fc9879f4.png,-1.44,0.81,2.699,2.699
d4a5e652c3fac4c30dc275afa2334295.png,2.23,-1.297,5.465,5.465
ddb2b7f196fab25b6e4561dfcdc179cf.png,0.33,-0.274,4.023,4.023
e6496784cf0233f9a9e3ed0c068e171f.png,1.06,-2.179,0.183,0.183
1fb55a68169cdae7ef4ae892a3936f01.png,0.484,-0.579,0.882,0.882
dc18a02fb77ea4c8954f62df2f89a737.png,-0.566,-0.058,5.843,5.843
0c589041f4c0299ed19970dfaebc5fff.png,1.645,2.321,4.742,4.742
338ad079f93aa9331b5b88d83b343fd9.png,2.165,-1.826,5.203,5.203
bded32edd37f5118df989fbe0ac299f8.png,0.886,1.302,3.945,3.945
3325f1a5d459b5c6283c9a63e52cc34c.png,-0.425,1.776,4.472,4.472
a7608071aebfac0abcaa732072219664.png,-0.609,-0.005,6.063,6.063
83c9e1b1016767fdccd4bb8abfcd71ea.png,-0.786,2.361,3.855,3.855
3453e8a3e459c989c5247d7036bc8e27.png,-1.598,1.554,3.817,3.817
f1d27f6c6e22de00a73b5b85606261b1.png,0.608,-0.953,2.748,2.748
9abcdea330ab80acc3b758399da1f5e6.png,1.161,2.462,0.057,0.057
f52e4a4167773735ffbf9a92c70d4a97.png,0.907,-1.413,2.875,2.875
715a0887c5e2b0f66dbda5bae67da3f7.png,1.169,0.965,4.263,4.263
a96c7e5ea64a5d56b7215a481e8601c1.png,-0.326,-2.007,4.026,4.026
94ab6be5783171f8982573f2fc6fa3d9.png,-0.472,2.376,2.282,2.282
31808a8f88f513a0d02607612eb3696c.png,-2.106,2.089,5.402,5.402
9b876ccb6624221ca9529a37be853162.png,0.724,0.107,5.944,5.944
f130cc350169ee2a8fce022ba476de02.png,-1.733,0.424,1.035,1.035
d0a67f2dbd3def3423a814ed71ceac37.png,-0.032,0.252,1.806,1.806
8c64b53f1949a643343db4ae1706308f.png,1.027,1.933,4.963,4.963
06e1968cb54863e4bcbd671a036ce3da.png,-2.318,-0.682,0.747,0.747
362002b164aac1c2ea5fdb1adcb7ce0e.png,0.535,1.527,5.79,5.79
155e82468664589abc11502a621d02cc.png,1.818,-0.886,1.011,1.011
6cdabc1420b437d235cbe9606403f9b8.png,1.068,-1.682,0.845,0.845
bf9174a10247a9a1276564db86448269.png,-1.093,-2.303,5.808,5.808
3b6dfdcbdc48757ff37f00d474f19130.png,-1.019,-0.095,0.187,0.187
9a219ec60826f4e675352a2c2ffa81a2.png,1.837,-1.756,2.06,2.06
b13d712befb1140e58e1781bb16d4507.png,-1.662,0.302,0.043,0.043
1025042f053875a2c79c6355f6306b62.png,-0.243,-2.471,1.245,1.245
aebbb0ef55cf4e88a0060de1f37c6fea.png,-0.432,0.255,4.688,4.688
eb6c1b526030113a4d4a7adf06b16e38.png,1.593,1.199,2.352,2.352
f05ea2549c76e757d47d797be51b8860.png,2.391,1.847,4.573,4.573
0ec4bc579c13658f7977d2d302f28fe2.png,-1.767,-0.835,4.085,4.085
31db7d01223eb532ad9e1e800fa25cee.png,1.744,-0.285,5.868,5.868
0656f853bd81e6e0fbb4873c3ddf7d11.png,-0.221,-1.701,0.771,0.771
bfb4b8ca0d1868214313b564c18dcdb4.png,-2.408,1.873,2.004,2.004
1fe5718120bf6aa7785cfbf69a17306d.png,-0.938,2.311,5.194,5.194
1804598a2e829d4f221170abb75c8010.png,-1.568,1.789,4.609,4.609
6da6fb6f361f2a80d97900258acebbf9.png,1.466,-2.009,2.069,2.069
b0e75e775d59c2f91380d68703d207d2.png,-0.419,-0.587,0.692,0.692
b3f1717204e5eeb040f716d16a6c2e1a.png,-0.874,-2.367,5.515,5.515
5c7fe2afa8843464578210611e11af04.png,-0.738,-1.893,2.212,2.212
18c0bb4cc1622bbd9231358278acd7e6.png,2.103,-1.928,0.891,0.891
c4594c0ab88727a534abadc61c852fe1.png,0.494,-1.024,0.59,0.59
a7458a40b120bac82e28c252b22ad87b.png,-1.461,-0.725,3.854,3.854
c9fa2d220286113fd6d3d9a7861c74b6.png,-0.716,-1.596,4.458,4.458
46a4d3a46b5afb6828c45bddb37d5461.png,0.626,-2.077,1.366,1.366
8c6b273053836dde87a8bab2cb0542ea.png,-0.249,0.769,1.73,1.73
0097177a6305452290ea057ba9d8a8cf.png,0.981,-1.756,2.246,2.246
eba7a62faf7e2578660f9a61d0ce1dc9.png,1.903,-1.089,5.139,5.139
d252c4ce97ab74855f14b6ad24ecffa6.png,2.417,-2.165,5.569,5.569
be83565ff8b45883ab2e419e4bf80b7c.png,1.354,1.692,1.434,1.434
7b4df421200f787019fcfaaf6120d65b.png,-1.833,2.498,0.318,0.318
beb66eff83b15b01cdc112a74d8915c2.png,-1.387,-1.746,3.84,3.84
99a04cc8a5b7e2ebad412420abc5850d.png,-0.793,-1.341,2.003,2.003
d1f7f9d7967abd46fcd8e46df87340e3.png,1.204,1.404,6.172,6.172
bb415b54514ee2250cd2308faa0f8520.png,-0.858,-2.3,0.746,0.746
e99578a6923d12702fefe90bbd7e7711.png,1.844,1.998,0.927,0.927
746740fc22c7532e98407c6c25356557.png,-1.458,1.606,6.092,6.092
7b653fb732e8bcad8fef8805fc47b07a.png,-1.449,-1.745,3.42,3.42
b46fa108f5eb9499c6794b27d1c6a296.png,1.365,-0.684,3.863,3.863
d7e57747b9015204f41032c17257d764.png,-0.252,1.281,5.556,5.556
0a6bdd62e3e757eae1326cface3a6521.png,0.672,0.345,5.989,5.989
74eb4cb3b9ffca36a4d78459d30ac2dd.png,0.502,0.991,4.172,4.172
7c2d9c9c0be379d58e60f85a8d33501e.png,-0.245,0.495,4.14,4.14
961b9e8e341f0dd57cf05777b89e1e43.png,-0.91,-1.838,1.348,1.348
344748deb9ad7e6fbd2ca4451b93b0cc.png,0.499,0.409,4.451,4.451
f1bd36fe1f3f2adf5485af45f298ad28.png,-0.968,-2.026,5.625,5.625
f7fe5c3f13e71ddf8fb13aef318cebde.png,-2.278,1.565,0.504,0.504
8508b9b48f7938cef61bad71d334b536.png,-0.514,-0.98,4.406,4.406
929d9f0a0049260a6244791b59067097.png,0.511,-0.125,2.096,2.096
ed1cf0e72ffc354f6b3f64430a2f6924.png,0.809,-0.913,3.265,3.265
fb196b70c656eb9f703e5f32a0d068ba.png,-0.681,-1.69,4.026,4.026
982a5c140040464f146b825d910554da.png,-2.488,-0.289,3.986,3.986
407696773bd65f34640bcdfe232aa296.png,-1.068,-2.488,2.232,2.232
1bc15162bec72e1a74b457291806d22b.png,-1.596,-0.381,5.421,5.421
7dd7bb64460c59951838c49e52702353.png,2.081,-0.836,5.191,5.191
3aee0accec2393aa32218c60894120a7.png,-1.665,1.447,0.263,0.263
50f83d6605192523b90a216e4b64802c.png,2.052,1.966,3.792,3.792
92d2b752cacbd3692a076d54c13818a4.png,-0.296,-0.317,5.68,5.68
0f00fa7fa0a31148eb1cea24005bb60a.png,-0.205,-0.553,6.197,6.197
230e799fd6acd09c2c40742724125d2e.png,1.349,-2.093,5.6,5.6
7f269f076bc58b3f683a9c5178369715.png,1.328,1.388,3.965,3.965
865d1c03a07be01d3ca089b34ca72f29.png,-0.256,-1.813,6.122,6.122
437e8e31fecc02988da2d78282be1654.png,2.262,0.351,5.516,5.516
1f9bb9943168450954e166cc3585790f.png,1.105,2.051,2.928,2.928
d6773497c53b5ced32b4123e1b888e49.png,-2.16,1.465,2.722,2.722
ec8953dd7c2c8f1134b0f6df49359037.png,-0.81,-1.036,1.563,1.563
cc3ed8a4608835381c23152f8d071d4c.png,-2.049,2.069,1.892,1.892
ad7ab39338a29f346f2c6e15771a43e1.png,0.72,-2.403,1.684,1.684
1b1d634632224f90544467005bebd149.png,1.66,2.172,3.91,3.91
fb3701debbda8ed028cfa0f4a6ebe923.png,0.159,-1.065,6.241,6.241
f82fcb81a13b3456c6acd133fa43308a.png,1.566,-2.183,0.203,0.203
ee591ee6ce303e3b39f318cac58d48e4.png,-2.319,-1.74,0.691,0.691
6a159870d63e56b97e60b845222f6bfe.png,1.598,0.11,5.394,5.394
c0979cbb435f00dd00d31132308e3223.png,-1.254,2.265,2.487,2.487
76f07cb57afca56d16222dfe1aec8b8c.png,-0.214,1.24,0.906,0.906
f63f96fa450311a6c28226e20ffb6a21.png,0.21,0.421,2.057,2.057
01e6bbce7b9361d74893cab0222f9978.png,-0.566,2.13,1.689,1.689
487b7e38822939a016b2b8bc8e891c84.png,-1.667,2.117,5.669,5.669
8a0e36726d8e210bebafb542ef01a058.png,0.503,-1.05,1.585,1.585
b5fc4f990fc967e64d089060d0eea211.png,-1.935,-1.851,3.045,3.045
f0bd2bfb366cc49cb48c5e7a4d845fd8.png,0.552,1.986,5.298,5.298
dfc9adcc162ae8add4b325c0cc2351e2.png,-1.458,1.383,4.916,4.916
15af78a8313099f549ce7b8ece7ac43e.png,1.308,0.746,1.339,1.339
4c9fdcd4cd89d3be6bf6b894b0bed7cc.png,0.956,-1.952,0.754,0.754
ba96435d74cd9522352e5b3d75bf555f.png,-0.973,-2.211,6.268,6.268
e828ee51dbcfb2a58b70ee63774c210a.png,1.108,0.347,5.194,5.194
72a5a51dfd6251aa1dfec1a8a3c240e5.png,0.682,-0.627,4.099,4.099
4f8d6d74c12b7796c15f75d1b6394c68.png,-0.679,0.258,2.92,2.92
fb9b8b88cb33a4c4c925e0e7e2fba1c4.png,-1.619,0.318,5.223,5.223
726e3c5c1e70902a3dad36e7bc23bd0a.png,0.37,-1.453,3.074,3.074
ec20534f7bb1cac5cb02bee60637b56d.png,0.481,-1.259,5.412,5.412
d5caf5e178cd82ac886032c01bf3c973.png,0.698,0.671,5.034,5.034
a56be663e9b5953bd34062c7d6486e5e.png,2.129,-1.932,6.185,6.185
e75e344780d4a15116db613c2d85c3a4.png,0.026,0.216,5.735,5.735
60ec2fbcf0be6600ecdd28195e9df25c.png,0.788,2.404,4.017,4.017
ff55f5923b70603b40b3e5edd96136fc.png,0.582,-1.462,2.805,2.805
4082c899ef480f2a8a9b9beac1f7aca1.png,2.279,-0.788,1.231,1.231
c650e95024361bf1cee2b7738a20c5bd.png,-1.907,-1.5,0.412,0.412
15e39b7ce5caadd6c92bda2576b2bae9.png,-0.357,2.019,0.58,0.58
3f13b7e474ca592abcc2d7cc8fee2e9f.png,2.455,1.523,3.521,3.521
5398331e582474ae897a68671dce2726.png,1.004,0.118,5.398,5.398
1b6e8d647334de63f17f2f358b1ac9ea.png,0.908,1.352,4.33,4.33
c7d5b4d4720affc177fd6c67dd276bfa.png,-0.386,-2.203,4.271,4.271
5306c1dcdf1c8b8cefc51c7b7581168a.png,-0.103,0.252,1.224,1.224
b59da9af5e0a19b3fc4889da875f41b6.png,-2.126,-0.409,1.331,1.331
9f0ac52a0d5929940e46d9a4b679b5e0.png,0.706,-0.54,3.038,3.038
8f159d48c56488b8415401a45a63e5e1.png,-1.967,0.654,3.147,3.147
228f694f7207691bb2e6ec463ae133e6.png,-1.638,2.474,4.16,4.16
b3054b9a84b775b0bf6889973c60dc55.png,-2.237,0.405,1.512,1.512
118bb365cf1f9239916200107f027d89.png,-0.042,-2.316,2.997,2.997
6c359ceb757e0800361cf7ea3d30108a.png,-0.482,-0.512,0.208,0.208
ffc0e74a4f7feb70c81e5e20e326270a.png,0.507,-1.301,5.899,5.899
76d531b2b27176c18d7750a549b22ba1.png,0.733,0.567,1.456,1.456
0a4d42ac4e44a9d83ff4e8777c630f35.png,-0.082,1.315,0.734,0.734
3d3a3c98fd9c51a5847bd6e17ddad003.png,-0.72,0.953,3.192,3.192
6ce49b531b238806bec323768153f77a.png,-0.722,0.2,0.209,0.209
cbfabbb275e6d36555b0bb0f29ec2876.png,1.72,1.756,2.852,2.852
f4dd9fb22c35fa572222614c1a9559b0.png,-0.506,1.327,5.955,5.955
f71a43b3b0c32dff25cb299f30d7ba49.png,-1.735,-1.799,1.97,1.97
b07ae94d16c91ab0fe1243409eef71df.png,0.422,0.905,2.875,2.875
e1e693ef07ff22e419682a7412bc289f.png,1.318,1.245,4.504,4.504
f1e6babaef86c83ea54dea631050c823.png,-0.986,-1.627,2.481,2.481
e1dc26e4829796755ad049bc92ecafc8.png,2.339,1.41,5.095,5.095
1ee0523ec6a16f63f386a8a9c60ee3e3.png,0.402,-0.562,5.041,5.041
523ace43107baf786b70013f768c66e1.png,2.008,1.839,5.64,5.64
d6a1ce2470060ee5765bea75fee12bb8.png,-0.772,1.249,1.266,1.266
fc2af91c9c217c1e59c78a16c1c16821.png,0.576,2.425,4.851,4.851
28761de013ef3e926852d449622be490.png,1.26,-0.316,6.245,6.245
2b78b19ed77323694023c3c97be745af.png,2.489,0.008,5.501,5.501
a03d8ef4678153c54ff80bdce6d3cf60.png,2.279,-1.324,0.595,0.595
918e68339f3a10538152c54af209e68e.png,1.271,1.347,5.176,5.176
f6cba419c5b1272846d0436c364fd753.png,-1.777,-1.4,5.276,5.276
5dc88ad644eefa5820445a06eb2dcb3d.png,-1.39,-1.373,2.89,2.89
dc0c2bd153b25f401a2370b466de1d67.png,1.078,-1.695,1.695,1.695
6088fc8ddd69a089e4dc939b085c2b91.png,-2.229,1.282,3.647,3.647
b665a1dc48bbcc6084a7c5d484a65c9e.png,1.249,-0.86,1.395,1.395
fbeac8d301bf3952f32b3cca531aa284.png,-1.559,0.258,4.097,4.097
f6f044ae3c3da06cf11c23efdcac45e5.png,1.403,1.12,0.902,0.902
46964a8f942be10a8e8b31c6dfcf6be0.png,-1.655,-0.118,2.398,2.398
bbc58e82466c68d96d940b76ff7057f3.png,-1.37,-0.448,4.966,4.966
495f05b72835b648865435662eece3b9.png,1.343,-2.428,6.224,6.224
49d72f8a021ddcd4dbcedc84bacc8311.png,1.46,0.804,1.221,1.221
b213e81e5e5348826a5fe262d5b2bb0d.png,-1.817,2.13,3.109,3.109
d3ececa2540ed6ed277481497a8b8c95.png,1.67,-1.475,5.699,5.699
0a080142a1eef38811c7d08e673ac22e.png,0.289,-0.772,5.439,5.439
5a12f4295261a2d03c14db6c8e926438.png,-2.219,0.667,5.485,5.485
43def7a9a2867d23c649c0c3ac4db5e3.png,-2.478,-0.023,6.203,6.203
b93b463e5e489ac03a790e8d5f908bcd.png,-0.175,-1.419,3.148,3.148
ab6fcb02f4129928eb13688906b67f9b.png,-0.288,-1.858,3.911,3.911
f3f85c808e81d5cf19c431890d770587.png,-2.136,-2.343,1.245,1.245
43f33c463eb71169338b50c4d55fad6a.png,0.983,1.238,4.615,4.615
0537608b701e2d096f4bc3c67dd2e82a.png,1.763,0.346,3.295,3.295
9702df54055d6d4144b75fa4e6b87a58.png,-0.576,-0.668,4.196,4.196
dbead59048a6cbaab3c4e76e2c5df3e7.png,1.493,0.376,2.63,2.63
4e8e4d4df8666b47b349156d8313e9c2.png,-0.421,2.0,5.174,5.174
be85b117a17cdd7d018fa7b0e17efcb2.png,2.178,0.371,1.697,1.697
66ec9d55aa24fe8f9a3c3f55351b95a4.png,-0.902,-0.788,0.434,0.434
07b10724c150520a8e1e1f1a9f2dc28e.png,-1.501,0.321,4.288,4.288
626e822bc9fde2397606f6d933babbbe.png,2.304,-0.407,5.371,5.371
bd581a87f1c6bf26e2cf07047a84213d.png,1.981,-2.367,5.89,5.89
74ceaf93f619cc4e712b345af4171a46.png,-2.174,-1.339,4.764,4.764
82608376fdd1e1592837ea39919738b3.png,0.179,-1.785,0.999,0.999
9c8980c1d2f1776f9406367904c61d3b.png,-1.696,-1.227,3.979,3.979
04ad4b73c216363927a1c8e7618a3969.png,-0.343,0.345,2.232,2.232
3c714e69b7e7155dce85998347d3f6f1.png,1.736,-1.827,0.071,0.071
a84953ffdfb82052f9f56f5b765e829e.png,1.693,0.529,6.093,6.093
bdf9ad3a8397c2d8d720e84a928e9be8.png,2.45,-0.765,3.069,3.069
00eb6f1d9bcccc3ba66f46d9fa4d74e0.png,-1.8,-1.425,1.106,1.106
fca9b121cb5bf3e19ade6eed0e26a350.png,-0.66,1.421,3.908,3.908
2b7a0ac1573a13bdfc947e64c85bdb6f.png,2.314,-1.917,3.826,3.826
46600687cae20f64162b57d160df3c95.png,1.802,0.844,1.236,1.236
f25330278d5f2edcac778da3e3100e20.png,-1.028,0.38,0.355,0.355
3f382c060853507f6cc723996facffe8.png,-1.771,-1.105,3.46,3.46
830c288a5f951e04593aaa2f55b5bc85.png,0.939,1.036,3.088,3.088
f15348a942077cbef37a41841cd32c4a.png,1.541,1.096,1.786,1.786
8ee2f12d3c670e0a1eb61abed3dfa97e.png,1.027,0.673,4.941,4.941
d214dd9f92e656df199068bae3b2c1d7.png,-2.416,2.262,4.31,4.31
fbfb17de3a2cd3f27e375e51da5f4b52.png,-0.964,0.427,5.53,5.53
90284ed2b7f3ef281b4fe706c1fb4d23.png,2.294,1.507,6.168,6.168
99ab574d2fee76ae7a9ab3a49a3e7d2f.png,1.62,0.04,1.98,1.98
32f6383432cd557314b16b7c0dcde106.png,-2.408,0.308,4.541,4.541
36767016dac2a7193e372d298d1d818b.png,-1.598,2.267,3.169,3.169
90362b7f349960083f9d46ad6814a87e.png,0.603,0.006,6.158,6.158
f42316448478a8b85434d95c5ab1955b.png,-2.415,0.278,2.384,2.384
2656427855ae7a7f1de27fe09ab105f2.png,-0.589,0.326,4.474,4.474
b357865353745a6d44979b52363636f7.png,1.109,1.628,3.507,3.507
5da6e2e1db9fae8db60046e9665291ee.png,-1.235,-1.855,4.1,4.1
4d1562c06bb4a0f87aa6f4f665841702.png,0.524,1.684,4.91,4.91
4d982d1fd2376f9ed31c22e381c494d2.png,-1.963,0.61,6.07,6.07
d8c862604c1102eb7f3214bf2d3dbc4b.png,-1.119,1.369,1.992,1.992
9fd6221931ebf6ad1f2829cf46891f09.png,0.98,-0.323,2.422,2.422
e330cc0d45e38ea030369e0a508673ea.png,-2.411,-0.53,0.34,0.34
211e7f4ada2bfa75b0b8f1a15de8109e.png,0.994,0.533,0.965,0.965
cef7dfe8643aff178ab66e094c84e8f7.png,0.597,-0.084,4.297,4.297
4a4d426a322824e08c502f0db091c973.png,-1.041,-1.972,5.386,5.386
03e0b1ada5945cc02b87b46af9d65be6.png,1.229,1.145,0.359,0.359
ff3a012f2f2be5598dd1b6c5fc69c202.png,-0.443,-1.479,5.528,5.528
92e94213823b99ea873ae3af10978456.png,1.393,-0.325,0.218,0.218
2fbc507fa346e76d300dfc50e7258e81.png,1.203,-2.411,6.108,6.108
df820664f32565290e86e745552e1ba0.png,1.598,-0.214,2.138,2.138
e59d0f2adaed93e80415c20fa427d679.png,-2.37,2.346,1.321,1.321
5959174f9a1ec8fc5e5de31fec9c9e4f.png,-0.875,-0.628,6.129,6.129
5a707efc690ed81d65b7f0250cffc8d8.png,-1.775,-1.559,4.882,4.882
15c455a1c065b170562db4c179723d83.png,-1.344,-0.114,1.845,1.845
94953701d2bb5ef1aef7e19cfbd95214.png,1.544,1.121,4.088,4.088
1fe7a014a6450e56868be752fca0a3c8.png,-0.988,-2.451,3.244,3.244
2c507adc4e4cbe405ff854155a84bf66.png,1.012,0.843,4.713,4.713
2c629cbb7a6f87c819a31da190c69245.png,-2.494,-1.485,0.476,0.476
fb58d5f7bf7ac73274d0e67bd45a5089.png,0.358,-0.54,2.069,2.069
2292d43cfff1dfb6613421c2bf4d5604.png,-1.718,-0.719,2.964,2.964
db2d98adb8f9efd7e6d754213f47b782.png,-2.043,-0.984,4.287,4.287
649fd86e2f5a60ec0376da9088acfba0.png,-2.123,-0.551,0.347,0.347
baf95c4a51911249573316ba5bfc5c27.png,2.103,2.151,1.09,1.09
ed1cde9dcfd5484b3188d3bf8c3b36ab.png,-1.783,2.344,5.113,5.113
07a256b75331ac745c263f120404d534.png,-1.438,-0.431,5.233,5.233
dd06e04ebbee1eadb129c8e134e7c8a8.png,-0.887,-2.21,3.575,3.575
e874d9fff1bf0d5bd4ba4db2798c1abf.png,-1.693,-1.704,1.524,1.524
89bb769bf9dce55ca8d81af5dfa1d3dc.png,0.115,-2.082,3.616,3.616
6d5801477b59b8f443e2eea6edb47cdc.png,1.985,0.303,5.883,5.883
b3c4ad1509ef949a38d101332ea0d3da.png,0.44,0.779,1.535,1.535
fa17e54a4acf45206326507c0bdd9b57.png,0.755,-0.457,0.2,0.2
a6bc3bb13c620650960dd7e43a4b684e.png,1.613,1.098,5.895,5.895
74b3c8094fb8e6378a653a705974b219.png,-0.862,1.5,5.582,5.582
10dd1bac23635ef68bbbaa60641f649a.png,-0.953,-2.009,5.038,5.038
d00ea091d93f7154e505b9d279a7e8fd.png,-1.631,0.363,2.572,2.572
c9a0b72289c9046e500b8a40e932dd9f.png,0.518,0.471,1.846,1.846
a6d525a4608e1ec2c11faca90968d598.png,0.667,-2.255,4.949,4.949
b06d6c0220c47c7c1ba486c1952927b5.png,-0.319,2.172,2.19,2.19
7bb7b86996bd4562fecff9a75e65b3c0.png,0.639,-0.429,4.37,4.37
1d8916501e9390cf75e3b0061c7ff349.png,2.14,0.998,2.092,2.092
f8c5b1d1fd3bbb5ee5f0f2bb743b057e.png,-2.19,-0.799,0.862,0.862
bb55d5d2a378eb9637ea2d294ac4416c.png,0.249,-1.569,3.222,3.222
0a8347d2f7d1f3c6350b19512970aae3.png,0.512,0.018,0.915,0.915
ab22237f4b146d081e7077f99916fe5c.png,-0.953,-1.836,1.942,1.942
fc6d7417048898089ba8e79f847f2ea3.png,1.683,1.823,2.897,2.897
541e69793c824ccb428e43abe837ac92.png,2.154,2.056,4.626,4.626
d01ee581623d6511b9dc1e52ae38e8f5.png,1.585,0.645,5.077,5.077
12f4fea3af18edbd293f9fb027a8349d.png,2.2,-2.072,4.636,4.636
01062a08f454de13b614fa9ceed6afa5.png,-2.209,-1.997,0.797,0.797
035e5af216805395551ab40ee00b648a.png,0.894,-0.239,0.644,0.644
3dc805936b89038331b8992de2089b34.png,1.635,1.671,0.992,0.992
5d3b9566c4eef8c7268ef44a18bf47be.png,-1.231,-1.03,3.546,3.546
ad43164b2bd03ff10d1208f8aa5ced6d.png,0.775,0.92,1.045,1.045
8d33dc27edde34afc0bf8dc2488bca02.png,-1.764,-0.69,1.051,1.051
ce2aa7eebad2503824964548ce68d0eb.png,1.179,0.572,4.181,4.181
5e51dad1ef23fe4d02d52502976b3cfc.png,0.006,-1.071,2.327,2.327
a5fdab8ab54932bda11db725c8ebc85a.png,2.104,-1.429,6.15,6.15
91d1d0d4544f1e65598c9d6990a947d3.png,-2.172,-1.589,5.849,5.849
fb1a8e14cce8331535d06245158fd797.png,0.762,0.04,5.462,5.462
005f821cb3e5fef8e0e224275e48d53d.png,-1.216,1.301,5.458,5.458
26568cd8eae574450856823b36d1aa03.png,1.139,-0.125,6.164,6.164
fb9f8431ee8e8dd2be254aab9e3f4c26.png,-0.414,1.327,1.842,1.842
0782226d65ce9617bbb9f9950320129f.png,-0.022,-0.85,5.317,5.317
d6dea445585fec6fa67da3d0077e6df8.png,-2.273,-0.06,1.443,1.443
45829ab4089c03787a2c5b6f3dc776a1.png,0.333,1.626,0.813,0.813
4ba7af2bfca3a18a39ec9a9c339d168a.png,-0.081,-1.507,6.103,6.103
211f0f94d92b9ad027474a5e2ae5ad47.png,1.281,-0.501,1.115,1.115
06aa97ae1b56eb795a101c45554f62bf.png,2.223,-0.059,4.743,4.743
afb559272fe570f9507e8bd20960830e.png,-0.024,0.83,0.6,0.6
ba072c96ca8fecfce2924e44cf7aaf1a.png,-1.673,2.226,6.074,6.074
034419c91329a5d79a6b17d478ab4d4e.png,1.101,2.049,4.011,4.011
1b10e1dba77000b36d98c4a7ba008fdf.png,-2.161,-1.125,5.175,5.175
80ab7ba1bd9204df4efbc4ef5116bfc1.png,-1.483,-0.904,1.773,1.773
1c798e1d8fbd31c192e950f89d9366ec.png,0.406,-0.261,6.25,6.25
68d7b805b0347bb49da68a6808bd0d04.png,-2.156,2.488,4.346,4.346
d049740ec383cb6f5760cc6249025e79.png,2.227,-1.262,0.341,0.341
f86b74f013b49c892637a287acee5573.png,-0.172,1.1,2.405,2.405
d92cd39312fad732cb3a190d2b1aa176.png,-1.202,-2.048,3.339,3.339
038470aeb98448a130046e1dbe79e019.png,0.701,0.788,5.369,5.369
9ee5ea9766dc7ddd1ea8a26cdae7f38f.png,-1.478,1.579,0.696,0.696
ff371cf516c9aec1b7a8938f20fc861a.png,1.343,-1.017,3.64,3.64
e0cc9e1bb228340d581b604e2be1f8f2.png,1.947,1.216,4.685,4.685
b93509a108d1a724db83fbe41f80b969.png,-0.956,-0.63,6.081,6.081
e3e261863d42fd8dea0ca931750857f3.png,2.385,-1.22,1.279,1.279
6851f236342a1fc0b45f7e1409213eaa.png,2.1,1.378,0.394,0.394
38c4bfc1293b0c95c323b1f1405d11e1.png,-2.116,-0.953,3.359,3.359
c0401847b3929420a4d35980afa05bf5.png,-1.76,0.279,5.719,5.719
30625b883935842047e120d36f63223f.png,1.504,0.448,0.618,0.618
dee13ae215e0e56e4f19052866dc14c5.png,-2.347,1.211,1.281,1.281
dac4f1466bed207bcad31d4b02ed4c82.png,2.048,-1.115,5.142,5.142
0926252ccb5134b52cb47fd2df98080f.png,-0.679,1.905,2.094,2.094
9515dc3c8fc518a352471deea2739abf.png,0.338,2.271,3.18,3.18
61915f019950b84dfde0628d95f90085.png,-1.814,2.432,0.722,0.722
12c8979b9245b8e32de1755cd1af998d.png,2.152,1.943,5.865,5.865
38eef5d98d8e1eb2ebc35c43ad32fca8.png,0.821,-0.206,5.808,5.808
8f613ef96cec95b34a59ccf88389cc91.png,0.124,2.228,4.967,4.967
194368f969deb75373c29e8fc071b3ab.png,2.176,-1.501,0.342,0.342
143362a43e275e9ed98c6879830f1d9e.png,-1.818,0.614,4.456,4.456
f8016951168175dc8fd8358a15282cad.png,1.874,-2.086,3.492,3.492
c6e959fddd047561622e99f5dfd6f030.png,-0.035,1.129,2.518,2.518
da24bab942bc4b863b80edcf891044dd.png,-1.845,-0.071,4.119,4.119
06db51d92860a68ff8cca917ac63392e.png,2.454,0.73,5.098,5.098
b18362700afc61580175a7d131926aba.png,-1.404,0.309,3.103,3.103
1a0bebe9ed642e603db6bb50ba8fa2c8.png,0.674,-0.284,0.117,0.117
67a2aa92c335f8ba277b4e16778ff6e8.png,-0.507,-1.944,0.084,0.084
526425959c4dcda65f36aa4a66f2baf6.png,-0.046,1.055,2.262,2.262
260471677482faa20186796ed178a57a.png,-1.788,-1.893,5.382,5.382
ee2c9ec587896d09c151a7e320e6f81c.png,-1.227,-1.26,2.017,2.017
b517e658b0808a57c024acef5e104c72.png,-0.003,2.27,0.456,0.456
21221fdba1afb6bd38d0aac51b973502.png,1.972,0.008,2.645,2.645
68a2393576ee864bd5d3853719f964c7.png,-0.707,1.025,0.806,0.806
d74e239863dbaa6b9729cc8aa9ca602e.png,0.599,-0.709,0.168,0.168
e4a1b0be44d88ca149e9c7f7a410313d.png,1.162,1.028,2.938,2.938
e974bdc64a12514421802cb644a11526.png,0.195,1.265,3.067,3.067
a784bb1f8b116e2a5d90df9abb475137.png,-1.461,1.234,0.029,0.029
74b74ecdac46b434c3a7db775a866949.png,-2.223,1.136,1.672,1.672
23105e7e03e372e6c40903f3cac301c9.png,-1.185,-2.132,1.314,1.314
f1045db71e9048552a173e3d09d36ef3.png,1.91,-0.336,0.685,0.685
9e7f448cde665cdb3e375f4bf0f6dad4.png,1.573,1.548,1.212,1.212
bfc7594b34cb01dd887a8a3f432d5cdb.png,-1.72,0.829,3.497,3.497
8ace28318c284e1d2883e406f28adb50.png,-0.056,2.031,2.817,2.817
a9637d0921cd08a4283e47609e9b1b29.png,1.81,-0.644,0.148,0.148
a4bd004d786cadd2178785f3375ce203.png,-1.305,-1.089,4.423,4.423
292f217816085b0feaef96db15dffbf3.png,-1.0,1.659,2.616,2.616
e2218ca73f82553c6ac2d511334a7bb6.png,-2.026,-0.567,0.712,0.712
ef17b56123aa1634bde6007fdd50bdd4.png,-0.54,1.84,1.39,1.39
d303ea17b6e2de8631f7b402ec04521a.png,1.381,0.841,2.621,2.621
bee3421fac90b994a597ad1d810a9fa6.png,-2.112,-0.411,2.165,2.165
ac199fb8e44aa0d9b5931ccad43df7e4.png,0.883,-1.577,5.097,5.097
4f48747b84b1bd246950e8bbcca02fc4.png,-0.708,-1.701,3.878,3.878
89d32d9a5cdb4c862bf921dab945e1ff.png,1.456,-1.324,2.372,2.372
7aaaa4b362b3654733925e0c345dcb5a.png,-1.616,-1.595,1.125,1.125
9a7553003dbc3e7bc93bd527e2bce67d.png,-0.085,-2.223,4.815,4.815
e27172f5a5f6fc4adcf48570ff5836cf.png,-1.152,-0.909,4.927,4.927
0a10f3503a51f22a2d5bf4fbd55fc22a.png,0.535,0.779,6.02,6.02
5ce00a1def16f85ad196797ec0d50508.png,-2.324,-1.897,1.19,1.19
732cf13c5dc7ba6363a3b5c4c5eab354.png,-1.369,-0.082,3.049,3.049
962dda6b85ee43d440e859e6e3764767.png,-1.461,-1.346,2.791,2.791
ac23d9c25b47b8527d1a82dcca177841.png,-1.114,0.677,1.36,1.36
c240ff718422aa92a7ceb4619921d815.png,1.574,-0.777,4.997,4.997
24d4a8dc0216749200c5157a9f101d3c.png,0.61,-1.785,5.186,5.186
3dbc114a69c130ef882336517718fbdb.png,-1.172,-1.805,4.211,4.211
1cebe43fe0ab2359d78a8ae63a6ccfbb.png,-1.558,-2.284,1.272,1.272
dfde9563d77f5686cd27ab34ac2fc9d0.png,-2.354,1.974,1.329,1.329
d009204a17506ebafeb287fd8e95478e.png,0.559,-1.234,2.133,2.133
eca3351b0afcc38b1e41b4512550b005.png,-2.15,1.029,2.378,2.378
b3815977a52cf22997090f2049822fbb.png,-1.562,0.592,4.183,4.183
da1af988328612896b1204c1a130cef8.png,0.185,0.698,6.084,6.084
3bc42e67b4b7f688a56c052889658323.png,-1.536,-1.079,0.25,0.25
560631715f0c4a1c663928ad31c7a255.png,-0.521,-0.385,6.253,6.253
ab7b0f5d4ea0e60644a26c982ae85385.png,-1.09,-0.441,4.862,4.862
7b8151e34bb1b12039e3363f07d54057.png,0.98,-2.248,4.329,4.329
c68043d515ca0af40fce117a9c5c3213.png,2.175,-0.937,5.646,5.646
644d96fba8919f37db070ee9f5a949fb.png,-0.854,-0.299,4.051,4.051
ea9837384aabae438b0b1d8bdf57c0f0.png,1.417,0.625,0.773,0.773
ae0064998b4f82f1fb2db4daa6e2152d.png,-2.001,-1.534,0.509,0.509
799b087b0aafe3bad7be6dd5ecda5191.png,0.527,1.375,0.046,0.046
772616fbbb7b15b08643c9bd6c8f67e8.png,-0.289,1.121,1.638,1.638
1a762925fb4287c139d2873e848a08d2.png,-1.012,0.685,3.719,3.719
d775d546fc96dbbee45476dde60bc93e.png,0.505,1.907,1.969,1.969
7876a1e22f34c6e19caa9e240d2e6492.png,2.363,0.867,5.439,5.439
4d36ea8d5fe3fac6fcc7407d0a9c9242.png,-0.756,0.538,0.129,0.129
5b97b54ddc14493a3b2fc7f9257f75cb.png,-1.989,0.278,3.789,3.789
d5dbce9792bc602a8b133f0d0b954e75.png,0.541,-0.4,3.871,3.871
dd21d95f7d247be4a385c57959f85672.png,1.189,0.641,1.723,1.723
daaf03ed282306c1391c4e460657f365.png,1.895,-2.255,6.168,6.168
0f157cdc60bf3b2c3728b50d28cd9533.png,1.706,0.746,6.099,6.099
8e55eddb1de46b10b4b4d7994020a5df.png,-0.682,0.002,4.428,4.428
846582f361a31ba0b2cf7be0be53a172.png,0.224,-0.507,5.246,5.246
79e6284be76374671fd085c6bb4fd891.png,-0.378,1.958,2.787,2.787
cc185b896633cb3aa7b07c283efdcf9a.png,1.489,1.037,0.128,0.128
ec2b39dbd852cc352aa11509c14974d6.png,1.998,-1.731,0.457,0.457
8a415dd82dc3b551f6ec42d54d1e2603.png,0.268,-2.303,1.01,1.01
510cd2a703c5ca0c41ddba3d2248d495.png,-2.132,0.613,4.162,4.162
68dde22c4762e7059ce9af3c73cd3c92.png,0.003,-0.471,0.672,0.672
f1322d47f37818a7efc36bda2e8bd0ec.png,1.187,-1.027,0.216,0.216
a3b4575e78bf13a78e41b4c92de72065.png,-1.234,0.904,0.106,0.106
8f8978a3e3e187c708c4d71e853dace7.png,-0.175,-1.569,4.071,4.071
a09382867d3209f6d2d8d642acd92925.png,-0.257,0.773,0.327,0.327
3f3e573edfc61311ca816f062bef2bcd.png,0.039,-1.857,3.675,3.675
2f1876efa0be0a85484a99114bd56cf9.png,-2.111,-0.944,1.555,1.555
fff33a1711ce0ff09287ba7e08d1b699.png,-2.102,-2.439,3.815,3.815
f47b8f03dffc183e9c3def313ab8f1d7.png,2.065,-0.861,2.095,2.095
7a42c7736e9a3708dc508f29ed1edd5f.png,-1.859,0.953,5.662,5.662
24540a65f7c196ba172562df0ad9d4cf.png,1.458,-1.081,1.531,1.531
61b943658216f0688c622119459c7f6d.png,0.999,1.671,2.368,2.368
39fc9f14adb575c7abf3b776f0d9af43.png,-1.339,2.31,1.624,1.624
0c76a9dc2f4234b515a81d9db8519570.png,-0.549,1.578,6.025,6.025
37384ac288f97d173846d6a3f5c31b3e.png,0.004,1.891,3.071,3.071
8cbc98e9cbefa6dc9c85f2a9eee3717a.png,-0.409,1.905,2.717,2.717
9389f9ed1b4913c08491e059518de30e.png,-1.592,0.791,1.515,1.515
2d91517625eff4e2270960005cb6af63.png,-1.446,-0.346,1.683,1.683
843ede036478a313aaa933598e0d1360.png,1.842,-1.53,4.266,4.266
5206fad8184cc656d5a61166233cd898.png,1.333,2.024,4.255,4.255
efaa3e459f5189ec16fd0c8bb849c54d.png,0.89,2.309,5.11,5.11
30a52498b0c3d21497f54d97f9e8bfe4.png,-1.583,1.872,2.236,2.236
a490cb53d4c6772c758e1e6950a7a863.png,0.375,-0.597,4.824,4.824
1f786b28b0cb992d0c2b5d3646a866b5.png,-1.067,-0.448,6.282,6.282
bda13c78097e22e871a5b8b44f09f286.png,0.882,-1.349,0.498,0.498
a2f790a1c178ae7c4d4305d828021488.png,-1.65,-2.226,2.435,2.435
8f624abd2f240fe1256e0b07c549b8a2.png,1.199,-1.337,3.941,3.941
c5f8563a91c4bd193ac8a911b6823acb.png,-0.97,-1.776,5.05,5.05
99c529e6ab9e5ecdfb8a44df0bcbf7f4.png,-2.227,-2.457,5.691,5.691
73332e0f60d5c3feeafb6f27d0c81567.png,-1.311,0.604,3.841,3.841
55feee2c4cf9559bb125a80f86d469ae.png,1.912,-0.543,2.218,2.218
8025c0b961f08aa89ef1282fa18bfdb9.png,0.543,1.233,1.629,1.629
69216eb8738c3bf258bfe36cd0abc965.png,1.854,1.668,2.814,2.814
a038aa3827022c32b3a6686ab82df881.png,0.58,1.315,2.217,2.217
4ecca01dd90653b39fa9a766c5582866.png,1.038,-0.633,4.546,4.546
3b9258e6f0090ccbc6bd015d39d40c5e.png,2.138,1.748,1.447,1.447
358184339e72731afa5c2bafc372e3ba.png,-1.862,-0.497,3.343,3.343
dc613a84c531ce82eec3c1c3fe60cd48.png,-0.333,-2.403,2.518,2.518
c32b40fb8280c32d6663d1c3967bc767.png,-2.291,1.467,2.049,2.049
b3c76f6408fe00d5e853a0ef557f6ef5.png,-2.279,1.802,1.926,1.926
14fe99eef9ad8566d90b5f972f826f8a.png,-2.075,0.925,3.177,3.177
e3eee4a8838491b951632d84ecd22f0a.png,0.727,-1.267,3.488,3.488
e05808fff21e66497ba111b78127562f.png,-1.473,-2.383,3.184,3.184
32e8fdb7d599264e7bbd979c1c490368.png,-2.134,1.258,3.735,3.735
a2b59f9fc9c7963510b5f0ed3e9fbbe7.png,-1.577,0.685,3.517,3.517
4d19bb3b5c08ced26708b1182b59d6f0.png,-1.858,2.496,4.728,4.728
cb992a652973cbc7fbfbe8de6ae213c5.png,-0.065,-1.702,6.092,6.092
fec8a66fb04ddd5049b8579b30115776.png,-1.059,-0.519,5.352,5.352
6a00b1456f3c8ba1df7a253226a42125.png,-0.533,2.389,1.992,1.992
4733918946629b9da417e912528287e2.png,-1.764,0.88,0.248,0.248
2a44ed6ac54bb138489514740897b2dc.png,-1.933,1.974,5.261,5.261
fa3428d91c40d2b95f5fe7ada79bc4e4.png,0.748,1.982,5.122,5.122
fb516799da4aa7581ecbfbf230f77668.png,-1.868,-1.765,0.01,0.01
1bb3cbc2525cf1f08f356cb20b4bbfc6.png,-1.004,1.734,5.362,5.362
c19e52c3c489bb9be9741d77f6dd27f9.png,-2.205,0.208,3.754,3.754
0b8b85a9a3b30230d4459bb68171f451.png,0.413,-0.789,4.185,4.185
4dc6a20ee8814f0da04167fa3be1f771.png,1.178,-1.054,2.022,2.022
15ce3ed5f708dce1f5ae373f2e6a9f5d.png,-2.287,1.005,2.48,2.48
559d88b2520eb8b97331e234af180f57.png,1.08,-2.048,1.098,1.098
4e9288d1f79b62a9b99654f552a99c1c.png,1.341,1.802,5.854,5.854
afc575682e4bb0b3d802549541b2a95d.png,-1.655,-0.48,2.591,2.591
1e5d2c11373160332046495ffcdb8ce8.png,-1.423,0.626,4.782,4.782
64b69eb7fb161b282c0fb33eb5509a04.png,-0.343,0.472,0.044,0.044
6ac324825f48d5b66625eec7b4622524.png,-0.235,-0.904,2.036,2.036
3a2c191c3bc91364ed1dd955d3764f34.png,0.71,0.883,1.409,1.409
4e1aef790cafec12c6b765c71a9a0282.png,-1.238,-0.54,5.591,5.591
c8f58097889bf45ab8fb1e775e219a23.png,2.378,1.516,4.886,4.886
ad11778609bacd523e1dfe2a6b800c94.png,-2.026,2.212,2.012,2.012
0ee06f9c028b04ceba57ef4024c6eb7b.png,-1.903,-2.445,0.156,0.156
8264a0394a30bba862b9e0773b0210dd.png,-2.376,1.402,5.507,5.507
227196236ae7d11e34daac3c917e6828.png,0.344,1.878,5.423,5.423
d601fb5214db224d2a20c746202641f4.png,-0.205,-0.47,0.776,0.776
130fc4d90090f669db2343bb3003091a.png,-0.988,-2.364,1.269,1.269
477607aa09cdc9dd0d43e41c7219973c.png,2.288,1.034,1.775,1.775
de2b4ec92775e0e240a9745ca8c22a5e.png,-1.531,0.985,0.97,0.97
9ed3e61f083716deea226a0ee613a85c.png,1.374,-0.524,2.763,2.763
e4c18d6a73d16e2e47466712b70c8b99.png,1.047,0.007,1.608,1.608
8f030269e4d8b1fb0f939cebb8375e81.png,-0.366,-0.468,1.737,1.737
3fc763634ba24ee507b4bebe04fa9623.png,-1.8,2.015,0.907,0.907
bdfed05aeb782cfc0adc31515b252e5c.png,1.573,-1.468,3.18,3.18
ce2cd5c69eae7001e9c3c4cbeb1b5fc0.png,1.705,1.508,0.458,0.458
8e648f89403fe6fd0cff296b26eead67.png,-0.296,-0.543,0.466,0.466
f85bda9e86b06dd76fedf3d74b759876.png,-0.36,0.589,2.023,2.023
816ae5e365995d867759664e85f9f05e.png,0.388,2.29,5.473,5.473
54e0afabbb3a510a61fa720adaabf6e9.png,0.512,-0.595,2.89,2.89
bc1412c1b337dada61491ee139458973.png,-0.891,1.153,2.122,2.122
91e16199c28b3026f94d9034b70f0297.png,-1.06,1.845,0.568,0.568
b57b967062498b7a43c91b838ea1a9e4.png,-0.634,-0.746,2.762,2.762
c8ba572845a71fe1a6042ee796413242.png,-1.087,-0.238,3.298,3.298
be68530c5c3ab9873e4f39c03de0f173.png,1.975,-1.548,3.514,3.514
13387a2160ad777b943d4a9c1ffa84d6.png,-2.301,-0.246,1.193,1.193
76843dfb0db79d8ac4a5aa3c731c6a6d.png,-0.132,-0.82,4.142,4.142
2109284f34469fedee6daa3e6ecd46da.png,-2.089,-2.072,0.081,0.081
43591970311a9299556a12f9b94161f3.png,1.223,-2.227,0.738,0.738
5854427d913d3bb855ec0296fd564e67.png,1.586,1.106,5.041,5.041
0f14393dbf75066ea7d4f289a354bd71.png,0.914,-0.065,0.732,0.732
936d16b6f33e4c5993c0142cb3b1b53c.png,0.229,1.496,2.472,2.472
f008ce3c09f088e9ca20902ef55aa193.png,0.728,1.338,0.858,0.858
4e697752186c3f83e29cc156d4111845.png,-0.684,0.256,3.871,3.871
773d3735fab098edadaf911d274a7cb3.png,0.631,2.276,0.786,0.786
9550966137bb6ba9a2ec6acbda07de20.png,1.714,-0.486,0.168,0.168
e2479d334f843db8bfc140033ed757b8.png,-1.721,-2.258,0.415,0.415
27e42f33a412ade54ad5aec7426aac55.png,-0.298,0.461,4.58,4.58
1597c7c63daeddac6ccd36e82fec6080.png,0.584,-1.68,1.429,1.429
be0755c0870ac85f1a5639043e30bf6f.png,0.533,-0.871,0.211,0.211
c9ab08949e1cdb2d46474db5fca0d855.png,-0.453,-2.172,3.477,3.477
67ca0101f7516b04b0a282993087f2c6.png,-0.738,1.966,2.575,2.575
79fd5cd5b3570ea0279517acfecdb3b3.png,-0.631,1.533,2.314,2.314
f16af97be749b019b25eddb906ad7030.png,2.144,-0.481,4.917,4.917
08eaef3ce6d8ccd53afab39b75e838bc.png,-0.029,-2.207,1.03,1.03
d25192aca6be0df11a20e2f21fb619e9.png,-1.635,-0.131,1.961,1.961
a1a3e1752a6cce8c3d6cb635b88ce90a.png,2.453,0.813,0.602,0.602
183c4969d87311190673a72f9d49db78.png,-2.477,2.058,5.191,5.191
e14184f101ab7a4f6a11afabc421e86a.png,1.2,-1.074,5.992,5.992
2baadc0c3ea806eea5d9bc955f3614c3.png,1.907,-0.172,3.316,3.316
46084223786f7dcb50d8ffc65d2469fa.png,-2.1,-0.854,3.875,3.875
1245016145d35af39c8988d25053f6d5.png,-2.308,-0.81,4.238,4.238
4369d79f566e4a73d93bb8e5975518b4.png,-0.154,-0.223,5.909,5.909
4676e966ea1fb65f46a0551cf4a03fc3.png,0.406,1.956,1.519,1.519
45604c8e9154363a8bf513a6fc65b868.png,0.545,-1.956,1.71,1.71
1ab75491f3ffae241acaf0ef1bde5efa.png,-1.822,-2.081,4.64,4.64
1a03246ccf8351bed9b02fd340988abd.png,-1.606,0.441,4.601,4.601
1776cf9cd35afb56ecd6a5bf74952b39.png,0.483,-0.446,6.104,6.104
77d45747965e4d9e00bf60241f18cc3f.png,0.878,-0.643,4.428,4.428
526e21039396d49d48527c4428790772.png,1.866,2.328,2.743,2.743
3ffff566dad8d43544c84ebea1e5c9c8.png,-1.889,-1.504,4.449,4.449
272093c9c8883331fde99f14b7cbe991.png,1.022,2.076,1.065,1.065
8390883c895cf7308310c8486ff0b428.png,0.719,0.47,1.253,1.253
8e4bdd635ac019be27fea7546873def2.png,1.551,2.179,2.728,2.728
96a257579ecea99d0cac9c2d234a1ada.png,0.219,2.464,4.771,4.771
1a0469eb38a3bba3a727ed4fa529fd38.png,0.518,1.336,4.217,4.217
da9dccf69074cfe346aa9df140bb9f41.png,0.226,-1.216,5.034,5.034
a8c17e42c301f2086921cfd91bc402f7.png,-1.368,2.289,0.741,0.741
c8737b51579de856cc5f6d5209ee8649.png,-2.448,-1.079,5.261,5.261
f96320e153b49dc70276e258c47909b5.png,-1.605,0.199,4.353,4.353
a3a3e5178ccbed71e087a66b34fcc8c7.png,-1.406,0.706,4.626,4.626
2e2136ff055af5018737bc41e19122c9.png,-1.523,2.09,5.507,5.507
094e27d667b18f13c3b3386efa6c3b9e.png,-2.265,-0.054,6.194,6.194
6a8e460db7d3a4949ac2e5be2a731ce1.png,1.699,-1.893,2.893,2.893
ed2f521aaf17c0cd77f5a46767a3f293.png,-1.192,-0.603,3.536,3.536
e4eafdbce26894f5be7a2d7b1f0cd3c7.png,2.214,-0.87,6.009,6.009
c3253268196dc7b43f21eea0b155cd62.png,0.406,-0.555,5.82,5.82
61f9b99496534dac1cb88ef3a6b8a030.png,-1.018,0.665,1.361,1.361
f420a0cdc57fd4390c86abb56cd31cff.png,-0.584,1.787,0.697,0.697
720b26aa45b410cf3e584b351dd22b4b.png,-1.514,-1.513,2.55,2.55
dc7d22efba7501bc0479e6ada435f934.png,-1.834,-2.287,0.006,0.006
a0ed2535610fa59f9f35d4176d259fe9.png,-0.838,0.048,4.883,4.883
3ab2142f50a7f62e68b34efbef4be35d.png,-2.307,-0.513,3.504,3.504
faf0c41188162545ac3aa5f75207c694.png,1.634,1.891,5.774,5.774
ed79f13ba1f91c7869d0c6f40e195677.png,-1.211,-1.881,4.098,4.098
147a8ae076e9771b4081ea161c06cabd.png,0.462,-1.264,0.059,0.059
7ddc2b8176ed5a1a37192ec05c972db3.png,1.281,1.552,2.946,2.946
61586ff9ffd31b75131a8bd4490b9afd.png,-2.061,1.583,1.094,1.094
38af5b9c454c2dd46700f5c7a7ba6ce6.png,-0.731,-2.265,1.477,1.477
43d01f9d61c03a8c245fb9c90eb92d13.png,-1.7,0.238,0.077,0.077
a0f621a939591af56b7e88372ea42265.png,-2.008,-1.796,5.776,5.776
ffdcf19fe45f04257258f32fba27aad9.png,-0.954,-1.522,2.588,2.588
d973939e622648046932b4c7ecfae2a2.png,-1.034,-0.443,4.939,4.939
2218cc1c0882d285c30bfe83294be16c.png,-0.312,0.279,0.744,0.744
73f8de695aae7c08b688970ed4aef5fd.png,0.493,2.413,1.912,1.912
73628ab75167664357957b1aa7297961.png,2.343,-0.177,0.074,0.074
4e5ad72576d8a008acc7ea13a33e2b7e.png,1.454,-0.009,0.834,0.834
af9162e210e4e36d50d2c84a071312ec.png,-0.271,1.374,1.823,1.823
e4b21afd16572a31a439f652499b4563.png,1.506,1.083,5.708,5.708
fcd4659769f87b258604e134cd3355b0.png,-0.407,-0.611,0.217,0.217
8565ec34b4c94e68f04ecdad397adb04.png,-1.927,2.328,4.437,4.437
0741f9dadcb84890bff7dda0e591aff5.png,1.859,-2.255,2.942,2.942
76a2e0abb5972bf63e828df14dd5bbd1.png,-2.391,1.658,3.649,3.649
0bbc3fa43ba66fe958aa98827e4d3c45.png,-0.41,0.835,1.26,1.26
a34819cefc58aaa85414a3d63a6ae02a.png,0.96,0.817,5.918,5.918
0f2bb6570108dd692ed8e6af977990c5.png,1.225,-0.201,3.32,3.32
2eda596bb5174c47e6dbbe6f2438eab1.png,-0.209,-0.658,0.118,0.118
188b2fced9eaca93fb5dca762fc7d8b5.png,-0.127,-0.192,4.753,4.753
a28456026c7468940a026fa9d3cffdf6.png,0.781,2.196,4.3,4.3
2997164e3689ce0f95fa124932d56f38.png,0.22,-1.943,0.292,0.292
c653bd973b52f4c1c63a8e388be05c23.png,1.043,1.981,4.834,4.834
6ddf4278d5716bc80faec167c046f61b.png,2.123,0.848,0.672,0.672
a337a3c991c2055aee6e25c9c6c81b0c.png,-0.232,-1.008,4.986,4.986
278d11b2980a5b4ba11ca4d9aa902169.png,-1.123,-2.007,1.791,1.791
4a82231be0c0925d275672dc86cb42e5.png,0.911,0.744,4.779,4.779
0ad3b3eec094a7b25ce40f7f9bf3f953.png,-1.984,-2.449,0.605,0.605
36aa8b139186b59166b1f3db77cfa995.png,-1.046,2.292,0.662,0.662
48fc6a8e9c5d2be579ba2a118894e3e1.png,-1.797,-0.866,2.671,2.671
b713b8bf55b2ac444f0391b2d2881231.png,2.115,-2.229,3.852,3.852
f70821245b2c0e2680277c0e09824d33.png,-1.725,1.547,0.44,0.44
73c86fa0cef4665ceede0d3df8de7bec.png,-2.321,-1.068,1.479,1.479
c35c2d2b6275c6f175f5d4ccf0e730d0.png,0.195,0.231,5.732,5.732
a52b5b327cc1aec396ceb8e60ceeb0ea.png,-2.366,-0.07,5.511,5.511
d41f546c1fc5c0cdac5840cc021b3dee.png,1.897,2.269,0.529,0.529
14878d15e539ff14657f7aad2e91a16e.png,-1.253,-2.032,2.097,2.097
e9b1e9e4ef8d70108ce9ab2626cc2b3d.png,1.971,-1.661,1.486,1.486
e02af5cc2fefd6192b0584203fef2174.png,-0.2,1.453,2.474,2.474
c621ca0674565eddd9b9a444356a87d3.png,-2.233,0.615,0.187,0.187
c6f140c414d6b518749af712d084bebb.png,-0.249,0.525,6.061,6.061
f92e399ebc230a909e8b51bc49c084d2.png,-2.474,2.209,1.114,1.114
00270ab4a634412223c48d2f3cbeb3e7.png,0.818,-0.327,6.106,6.106
e7f20150cbef9d130a5260a25679ac80.png,-1.776,-0.275,5.215,5.215
71a1400d5ead66184808bfe61022d95f.png,-0.151,1.027,0.751,0.751
9e7e5127d7ab63a6eeb20ecf39fdaabc.png,2.194,-2.073,4.267,4.267
6973acc5f942d73d92ba90393f59ab21.png,-0.192,-0.715,3.609,3.609
db3148c8b2c1ab2730ea0e3fb2cc8629.png,2.457,-0.284,3.984,3.984
ce54658e82fae38d4470823d6292c386.png,1.256,-1.645,1.566,1.566
1dc45d2a75df8369a6ae67fe587e7fa8.png,0.81,0.11,4.875,4.875
d417167592556034306f383c90f7b69c.png,2.411,-2.245,2.401,2.401
f52dc1ca0f04f1e1844ed97361e9bac2.png,0.312,-1.57,2.978,2.978
9ef6e4a1b908c91b4a0746d260042a82.png,-1.08,1.634,2.315,2.315
00be99e6a4b2897facfe932c0977164a.png,2.039,-1.995,2.571,2.571
aed7e1fac82eae54a66f051a3c0cee2e.png,1.194,1.503,1.292,1.292
0f3bbe967042c5b471a009a6e8a4b4b5.png,0.901,0.55,3.921,3.921
d03078050d1d0df38ba3987c0c021c85.png,-0.062,0.56,6.278,6.278
f2bb2f2dd406e200661575608fbf0dff.png,-0.682,1.835,1.364,1.364
7d7391cc8aca7b4ee7d6476688ba78db.png,1.111,0.533,2.722,2.722
fd8fb60d481b73ac8decb1ac5d5dcb67.png,0.052,1.522,4.774,4.774
ba2639a4029518e2b8b12faafdfb6dfe.png,-0.108,-1.63,4.424,4.424
97e4c2007c4a7d85a3bd692ad9aca230.png,0.851,2.418,4.657,4.657
9d1702a6532b88ab85c23c054b52fe48.png,-1.221,-1.112,4.477,4.477
fbb0943d5a954625287fb1e1f51e89c6.png,-2.268,-0.114,1.098,1.098
e6fd59e8e71d65444b55ca583134a2f6.png,0.531,1.073,1.912,1.912
109b47ea88326c06d33d1523ffe4b249.png,2.281,-1.753,4.844,4.844
ad6d2178b6761ffb9d7cc1783238e09d.png,1.566,1.122,4.414,4.414
166d8cd294007f962f9fc1004ebd38d7.png,-2.063,-0.945,1.323,1.323
50cdd8f3ac40ac4bd2a07e2281b59588.png,1.888,0.877,0.534,0.534
3853e9822f31be5fb75fba60adb3922d.png,0.844,-2.026,3.751,3.751
58598db63c0519b8ea45385b34fc65ae.png,-0.093,1.921,0.119,0.119
1beb611820e9feff73a7a1a28a0fa62e.png,-0.689,-1.076,2.91,2.91
1eeca77add695806161d8a856d3a5d0e.png,-1.601,2.331,4.758,4.758
4ceeff810e6e2c6188006b27d7f558b2.png,1.003,-0.693,0.362,0.362
bb769a7a7d370db6036df5c0da1ddc64.png,-1.514,0.079,4.922,4.922
0113d80fd447325d25667d9390405b20.png,-2.045,-2.43,3.328,3.328
f7e61bbf471356dd03d85b8141e2d653.png,0.905,-1.16,5.162,5.162
3a5fc7f6fd1d0aa3c6d7a917128dbde0.png,-2.378,-1.52,4.126,4.126
f9a8ed8c892ebcddd2b90b25c3249b62.png,-1.22,0.747,1.133,1.133
2429e26694c9239d9ac4d34a810036f0.png,-2.359,-1.826,3.854,3.854
9401e1ecc1ce4b1aacf6071bd54ff465.png,-1.008,-0.952,2.449,2.449
22aa04488b338e067144dcb413b0a98c.png,-0.492,0.245,4.81,4.81
552e0b6a2569ebbdc335202ef62ca472.png,-0.547,-0.533,0.473,0.473
81845fa15c152a1b87b5524fb812072e.png,-1.815,-1.232,4.811,4.811
fe24b1eff2639614897e01d4220e4f8e.png,-1.209,-2.489,5.686,5.686
654ae08be3a7cc8249b876fdf3278e92.png,-0.318,1.167,1.954,1.954
bb41bc7e9ee5a6909dd508bab40c933f.png,-0.794,1.752,4.486,4.486
4af97c5510971c8f0e8af26279abc063.png,-2.467,-0.583,0.998,0.998
7d9f1a45146722ae8de5e2b76cff325d.png,-2.149,1.845,2.957,2.957
2a92fbfa031f642294652d57104031bc.png,-0.2,-2.259,5.402,5.402
9ef4b60d43010b0774089bb8e49104bf.png,-0.113,-1.324,4.166,4.166
25725a34623205b107601c8a328fd904.png,-2.07,-0.876,4.949,4.949
d0bc68ea4ca5f960745cdade4c767541.png,-0.387,1.633,3.222,3.222
27f8e450f1383dd8e543d430d73091a1.png,-1.822,-1.363,3.569,3.569
2620becb7a06a5fe56349bfa4faff9cb.png,-1.781,0.125,3.025,3.025
925d307e89a4afd00a52930e64fc2c31.png,1.442,0.606,5.357,5.357
cc8332c6af8b3ac76c4d251efc3c4f60.png,2.103,-1.646,6.017,6.017
2cbf155ac78e241cfcbb69aa9e47ffe0.png,-0.151,-2.312,1.072,1.072
4c20876ae457a302b96057ee0f367e0e.png,-0.666,-0.446,6.112,6.112
9d618e1874a32c86115837c8b7fb5716.png,-2.159,1.008,0.417,0.417
d915c88264455d604f5874328755ac87.png,0.84,1.286,5.768,5.768
2aeb272cb5cb9598feebe48a976973af.png,-1.502,0.206,1.272,1.272
a09f097f4d46ebe29943c2586bd4f4d4.png,-2.316,-1.701,0.978,0.978
2139dac0e8dce8dd910f37b6c6cf7ce7.png,2.439,-1.485,0.987,0.987
06f38e8882e7ce99bdbd84992b7567d5.png,0.445,-1.151,1.717,1.717
884daaa7e222029575fd3eee9b052d3f.png,0.673,1.535,2.534,2.534
b8ec2bffaf7ed24d4e78ad5b7fabd978.png,1.178,-2.391,4.088,4.088
2fb8f40970469b7cda537724fedc524e.png,2.312,-0.327,2.813,2.813
c217b5d354c2bc10b672abaa051d5e9f.png,-2.183,-1.642,1.131,1.131
bd226b8ae1d0684782ba8b398e24e03c.png,-0.683,-2.328,2.203,2.203
af25b7b942ce4b9d6ac0ab45a6e738f1.png,1.395,-1.225,4.786,4.786
91971f6395b1e9329f2c4b4a6d1ed200.png,1.662,1.291,4.965,4.965
79f0f7f7929151e7439ea4db3251b954.png,-1.17,-2.041,3.762,3.762
52d1fc4b5d26edec9a928cac8c0b3f0e.png,2.494,-2.091,1.342,1.342
2371dbebdacb50b1c1238b28b55b5193.png,2.081,-0.158,4.963,4.963
db0335b6de138e735a4e5ad08c5a8c4b.png,-2.23,-0.835,3.012,3.012
25be0b2d6560328cfadd06b434ff8f68.png,2.314,0.646,5.442,5.442
2b5a015f17e87ac86ab51f88277644cf.png,-2.199,-2.415,4.482,4.482
f39ccf25118d90fe068b6e3f9671f888.png,0.572,1.333,5.594,5.594
44a4c1edff0aa061fedf8569a2a304e3.png,-2.43,-0.167,1.081,1.081
ce95c81a39d8e679405abb5e778ff782.png,1.817,-1.837,4.114,4.114
032ccfcad4d36098af3d86f749d7ae61.png,-1.894,0.88,1.694,1.694
1e361f130f0827a879243149e1d0b814.png,-1.738,0.228,2.771,2.771
a72878bf12e246f1e2d046f4ff12a443.png,-2.43,-0.09,1.005,1.005
6f21a47026767a6c59ddbf63035a2dc2.png,1.358,-2.279,3.095,3.095
618f662596b03ca747b10910e9da8ee6.png,-1.685,2.376,2.034,2.034
433e5ed28e171e38c8460e07e1d2ccc6.png,0.925,-1.215,1.154,1.154
a1e2370fe80aca24800af49758054890.png,0.895,-1.861,3.631,3.631
21cdd1a553525a73919479f906e178cc.png,0.587,-2.473,1.839,1.839
5d00f851d30802cc23bc659d96b83a62.png,-0.72,0.765,3.778,3.778
afbc3552b23493a032eca1243048bf75.png,-0.633,2.46,5.598,5.598
0741c81a48d4348ef7ac935a81d531b3.png,-1.6,-0.167,0.634,0.634
767f122242eef18fa0df8ae0dd18a73b.png,-0.553,-0.385,0.491,0.491
9f04fb601eda26d8cbac03317189836f.png,-1.464,-2.432,0.468,0.468
213616fea692b7c1d07f0d59cae04e07.png,-2.426,0.101,0.725,0.725
674043238e4637f014e3d496dc380c40.png,-1.912,0.071,5.878,5.878
f2b7af14f03156bc78ae55af9e9f69e9.png,-0.477,-2.213,2.331,2.331
4ec6f0194021acde2102b668e6eb4cc9.png,-0.153,-2.156,0.794,0.794
74b1f1566a041f90bdda6442e37b5b85.png,1.879,-1.232,4.491,4.491
9a77c31c45f3073448f043df197518a5.png,-0.163,0.899,1.35,1.35
4216fdd12038de05f64d81418dd12969.png,1.74,-0.603,5.056,5.056
fdc0923a8c3d6c4b7be2c52d607842dc.png,1.719,-0.232,4.895,4.895
7472d40c489cf3d7f9fa1987af563ce0.png,0.164,-1.079,2.96,2.96
ccc2b91299bcce651808a2a9e3d877ed.png,-0.944,-0.041,0.234,0.234
03f40cea0ca6a2bae3f19acfb2bd54d9.png,-0.49,-2.127,3.438,3.438
96af633654e72cc5d00078d632a6ff3e.png,2.116,-0.673,5.054,5.054
7bfc908cf874b8ae7294c09c4457bcee.png,-1.036,-2.307,1.131,1.131
af52b4b78b185274906f58832158da44.png,-1.893,1.073,0.288,0.288
bffaba5b7967471a6e19120040aa881a.png,1.691,-0.204,6.116,6.116
aab95ab79fcce7015792ca9010ae0180.png,0.713,-2.37,5.006,5.006
4220a8dbc86d9b7011becb948ad427cf.png,1.474,-0.354,5.669,5.669
4164d778d2e92758a1a6458e21458e93.png,1.063,-1.143,3.072,3.072
9899f1702cfae6513acb5b32e7dada35.png,-1.07,-2.029,5.761,5.761
8e77720958493eb37a3ea42e465ed3f1.png,1.347,0.26,2.522,2.522
fe73194809442b7d01d2628d0b640134.png,2.149,2.001,4.213,4.213
4ccaafe05a4f9e4c99fbb5213d35e5c4.png,-1.908,2.061,5.31,5.31
7a06cbad8fe734484df4548421feed74.png,-0.056,0.323,0.959,0.959
5146d424cbfaf15e938de9ff0763eab1.png,-1.537,0.347,5.205,5.205
3fd9c7f6353ff6f5edf5ec8553801662.png,-1.445,-1.515,5.973,5.973
c81180f3c0cb0095df488e9d332aebb2.png,0.317,2.264,2.873,2.873
a43ded8be05ef5fcf9913381ee2ddeb5.png,-2.163,-1.468,6.164,6.164
784cd0b5058a3526ee9004f0b687ee34.png,1.983,-1.966,5.256,5.256
50d761385b7371c60ecced2022401871.png,0.164,-1.734,0.617,0.617
8a659f1bb73fd35013e01cf4d74f7582.png,2.32,-2.41,2.693,2.693
399ded229eb361b65e153ee4197c55b7.png,0.176,-1.856,5.267,5.267
4b2d75064f2dbab0fd5ae973ec3a2d03.png,-0.883,1.528,6.071,6.071
b3cd224a3c41cea797b61a3132c1986c.png,-1.244,-1.523,0.148,0.148
676c57723bf774cfe283f1dc72ba197b.png,1.361,1.212,5.576,5.576
8bfff85a4d4eb8f10788e94b40dec5ac.png,-1.698,2.15,5.265,5.265
8fbae9f6576880dc367319eacf6d5606.png,1.336,1.869,1.113,1.113
c10f5d1ae2059ced2dfe44bedd8ab1fe.png,-2.479,-2.244,1.241,1.241
a94601e52c678978dae54c9548f8fbe0.png,2.327,-2.27,3.398,3.398
bd8c3fcbdeac01885ed9e0faab31dc5a.png,0.855,-0.682,5.554,5.554
a5edc4e2bcb1f7241f2d5db8e99557df.png,1.918,-1.246,6.149,6.149
b63a58aaeaf7d8bb41380a10e21bf6e3.png,-0.222,-0.499,5.78,5.78
2f204ee7d1be8aacef560a7973e1fbe9.png,1.938,1.085,2.535,2.535
64b532bdddb2643ffaabcf5d32af705a.png,-1.925,1.928,2.623,2.623
63cf21ba04da28b9b8d1b9f9a74f3f16.png,0.125,-1.946,3.291,3.291
c7286b7b645c9dd1bf03c875133624f9.png,-0.369,0.747,0.321,0.321
dfe598b01bb19ab1d3079f55a28dc43e.png,1.92,0.61,1.619,1.619
cfe782cb55c7166663e4e3f7b6958b11.png,-0.594,-1.885,3.55,3.55
e58e8304c41015d18d63301bb8e99f7a.png,-0.467,1.169,2.623,2.623
3d3a5d8fd7aafa58ef7415d8da4a0167.png,-2.413,-2.491,0.131,0.131
451fbdbd20aebae858723cc447c07103.png,-1.858,-0.279,4.68,4.68
be08d0340b6777b5cf3b7903b55abfe9.png,-2.273,1.068,3.572,3.572
47970a3115e715ca8a658504bdfda8f7.png,-1.013,0.43,4.961,4.961
f55bb53313465e4962a4e04d4a9cfb9d.png,1.987,0.854,3.486,3.486
445902b4c54f535c30b8798049df89cc.png,0.227,1.681,0.801,0.801
bed01bcdd46d05643dc82496f067e8e4.png,1.246,2.384,5.103,5.103
6ce157901f09a5ac497caebf289e655d.png,0.307,-0.996,2.286,2.286
24da835e845380275951a8adf3dd1102.png,1.973,2.18,4.123,4.123
a39f54e12c89ba22b15cc573ec70da6e.png,2.299,0.108,1.067,1.067
301cb5edd905f9854075810b8951d5f3.png,-0.155,0.478,3.476,3.476
3e4110ea58de8ee9482d8093ff845593.png,0.399,1.932,2.437,2.437
be5c8cf4b6646045fe4d18520f7ec752.png,0.113,-0.241,0.08,0.08
300106a33c688e7cb009c3b0ef74372a.png,-2.043,1.339,4.67,4.67
c8454fc31617902392242274116321da.png,-2.194,-1.311,3.592,3.592
29e71b64dc218f20bd58637df1a999a5.png,2.214,2.215,1.568,1.568
4f3313eb675b1992df17e3327ce7a59a.png,-2.069,2.477,1.551,1.551
f2d659f0eb7da069822e9abb5d9839a4.png,-2.038,-1.16,4.598,4.598
33a5592a7d5e50226bfd748114bfaa1d.png,0.292,2.485,6.155,6.155
971be317d2cbb050cb0a536af4468884.png,-1.204,-0.055,4.458,4.458
f435c2358de9c3942d1faba35fa3e892.png,-0.177,-1.858,5.856,5.856
2df42c6a656029ac079b3a29729296c7.png,-2.088,2.048,1.509,1.509
960306ac61d84883edd6745c0fc2c6af.png,2.031,0.669,6.203,6.203
bb9b9986363b3b893b083048b0deaf1d.png,2.021,1.454,4.263,4.263
8495daa27e2ea184be1e696c047bebb4.png,1.365,0.206,2.669,2.669
603367af05118a2cc52a68e279c6e240.png,-1.809,1.347,4.16,4.16
3bfb67b4690cfe4c3863bbac989b074a.png,-1.032,-1.15,0.12,0.12
92f0afe37e96faf9d44d2a6163abf5f0.png,-2.183,-2.244,4.895,4.895
8998f8db53bb9fbe967bbfef4ae6622c.png,-0.4,0.584,0.188,0.188
5934733d06b10804f6aecdb64cb8d453.png,-1.274,0.986,1.005,1.005
db16ced60cd49e5983453a62f01f13e9.png,-0.381,1.202,2.124,2.124
14776b77d9832f9c434bd8e153b383cd.png,1.813,0.385,4.907,4.907
029ba428e77fee7d50fda9af1965aa88.png,-1.066,2.298,3.481,3.481
140309324b9ab1a6cfb173692b4e5bac.png,-1.095,-1.692,0.156,0.156
0e0dde4f809ad3ebd0c2955a6a0ecb63.png,-2.126,2.118,1.837,1.837
c8d114e90397593849f9083aed249e4d.png,-1.703,-1.964,5.066,5.066
0ceef2bae34e2cec9a8725ae30dc25cf.png,-1.41,1.457,2.487,2.487
07384853d0503fda0578fc36130ee1e8.png,1.881,2.308,4.684,4.684
cb7ca345fbe7b7627417a706a9a6c043.png,-1.965,-1.301,0.386,0.386
ea1214864863ad57f39de6c3d5be4d5b.png,-2.148,1.914,4.583,4.583
39ab12cec9908d27a4ed8decb47fab7e.png,2.105,1.063,2.739,2.739
81d80caeee978155901cfb41b92e8f23.png,-1.28,0.796,5.559,5.559
1cb0d03b71a787c7f2de3d395c675750.png,1.552,-1.736,6.029,6.029
cc5c21db43efba67683fb0787df7f035.png,-0.678,-2.354,6.143,6.143
6e8fe0e752113cad74e3934d050f2271.png,0.559,-0.777,2.983,2.983
9f6e313be7971442c40f2484a7bcadc4.png,-1.015,0.106,4.289,4.289
2571b806dff00b87a3d406011ab243b9.png,0.985,-1.11,4.945,4.945
7a713c0a41c9c99c8997d419d0eaefa7.png,-2.293,2.397,6.001,6.001
ce4992dac7b59b69759ec9aa4b13219e.png,2.065,1.905,4.321,4.321
406d5529832818fdf367ee566d93c857.png,-0.133,1.004,1.824,1.824
dfe316188b3b3f68d6761302db9201b7.png,0.838,0.743,4.042,4.042
d77eb10802337c869c3fc4e6642c682f.png,1.584,1.497,4.455,4.455
7ee1efd4a4b6a7ed13cddee0dd9f260c.png,1.255,-1.93,1.56,1.56
7a8f83e34d3bd2f601ff9466a1394e62.png,1.749,-0.793,0.778,0.778
c3005e20f66c9656f9a426b640a3c722.png,-0.582,-0.697,0.656,0.656
3167995c8e7e4cbe9a203be22bce1296.png,-0.73,1.916,4.07,4.07
fba522c339935f0590f9d5183314fbfe.png,1.089,-1.012,1.799,1.799
fd2ba4e962c91d0706b15e8ff92e81d7.png,-1.671,0.763,2.621,2.621
191a4242df246f5f4a00c57b2fcca7db.png,2.077,-0.024,1.041,1.041
d8120deae36573512aaefd238c91891d.png,1.363,1.307,1.95,1.95
7c8e2d56e2ecb7f43f7649f740683a6f.png,2.481,0.757,2.88,2.88
863fb81201b14b88ef0078fc08deb6b2.png,1.41,0.543,2.112,2.112
2cd07ae7d2281e3e2ca923e69c5bbd86.png,-2.367,1.002,0.238,0.238
0536dc5c94b34143242f73be9fd83509.png,-0.775,-1.392,1.689,1.689
c77410c1cbba04db0036dca6ba4c7fa0.png,0.762,-2.136,0.38,0.38
b86b862fec88fc575f6fb4255b2be91f.png,-1.697,-1.605,2.202,2.202
5180ddb6fd1dc39175c7c2503a0fd6fe.png,2.3,1.905,2.44,2.44
5b8aee044f2637f98a2c9915cfc7fd09.png,-2.481,2.389,2.562,2.562
f3a016d73cf917e383ddf3eac9373beb.png,-0.261,0.974,6.164,6.164
fcf53e01a20c57e8f2f87311750fee88.png,-0.875,-0.893,0.445,0.445
976081eb8709c7c363180319efe2a3f6.png,-1.479,-1.764,4.955,4.955
cfba0a14c57c252d6d7b746c83477e6d.png,-1.502,0.373,1.145,1.145
20cef91eca187004445d5c4d87f85503.png,0.807,2.466,5.984,5.984
8cfc7459ae648afdc4b69e42b8ca42cd.png,-0.151,-0.555,0.2,0.2
2b3b47dace73a6311920d931c71ffc7a.png,-0.181,2.297,3.297,3.297
8f728363bcfc0b14ffea368c0c5a07fe.png,0.434,-0.169,2.713,2.713
1c5a77d2a5459070a3140745110fb077.png,1.216,1.385,3.601,3.601
7a73683c3a52a36e61db8e52f6fbfb0c.png,2.32,1.368,3.045,3.045
d39d3216086115cd03d4b62b5b529019.png,2.117,-0.501,3.225,3.225
c1329ec6e10d50c690f78267fa636d5a.png,-0.032,1.612,2.057,2.057
9b9a84e5d3b1381b6e4b56f0ea27ed8d.png,-0.007,2.274,5.902,5.902
9da4db0f2ecd1908186f9bfc6f8eb1fe.png,-2.208,-0.84,1.848,1.848
9e790faf2c6e9db6e78e56fba820723c.png,-1.51,-1.059,1.289,1.289
e2c02f64701e48d6fc60b7073dd173fd.png,-1.652,0.063,4.631,4.631
a728a7bfb5332ff8c430d6ab8fe6c6c0.png,0.455,-2.495,5.182,5.182
300c049e2e72e45aba3d817a1d4eb5e6.png,1.284,2.345,1.79,1.79
43bcffa8ca1c00d189ddf56d4b7b8402.png,-1.784,-0.245,3.107,3.107
ffc22e5a8673ccc446e7ab42bbbca534.png,0.977,1.746,2.177,2.177
779d9e4f645330233dc7dc4915c738e4.png,-0.804,-2.239,2.981,2.981
1014cfa1af8d83a9a7efc09130018dc5.png,1.219,0.562,3.769,3.769
7fc6f21bb00df8ebfe29a925ec86c65c.png,-0.704,-2.077,6.207,6.207
0e0d9fc0178be3d4a292a1aa72167960.png,-0.348,2.289,4.364,4.364
e694965eef2232216ef13a7da4c6359d.png,-2.137,-1.58,5.095,5.095
60b91404dbc3654844266394e0220c2d.png,2.405,-0.531,1.491,1.491
89493988f68877a13db1ccee025b6f24.png,-0.512,-1.801,4.201,4.201
625fc1545e55d468920bdd88acdb3439.png,-2.441,-1.69,5.076,5.076
275c164a664e95810db2538afe27e846.png,-0.997,-1.609,1.335,1.335
bd8a79bea2a5c52a2c9c66b0ae2c06f7.png,0.417,1.126,2.759,2.759
282c67a3702970331788a8cb2aed5ba4.png,-0.69,1.176,2.592,2.592
dc523bdb8c2ee9783e322f724ef7f2b4.png,-0.368,0.957,2.395,2.395
18c71802611e4c73ec4eb636698bf98b.png,1.6,1.771,0.409,0.409
abbc5c06eb979af3469348339802df67.png,-0.582,-1.849,0.716,0.716
2914475a3057b9232bfc6dda5fdfbce0.png,-1.176,-2.193,2.406,2.406
77d96551408a8f16e1ebff8406c83d36.png,2.16,-2.372,1.871,1.871
3073b37debc33868b01e2c46c5a183ec.png,1.772,-0.537,0.295,0.295
cd309c897352214572a9109d695773c0.png,0.22,-0.46,2.098,2.098
80b05566d0b67b8d8a7df43198d1f764.png,-0.538,-0.06,3.419,3.419
a6a9832177601a6e82ca07d3a52d19e7.png,-0.478,1.466,4.56,4.56
40630896e643dad50d8265964fe9dd82.png,0.098,2.128,3.52,3.52
c3d71b87d16af004d464ccb3608f34a8.png,-1.565,-1.738,0.949,0.949
92c32fcf487a4b2ec4bc661dc9721fc0.png,0.322,2.393,0.188,0.188
9770ccfed40662182389a1c2ec404d0d.png,1.804,0.425,5.702,5.702
ebbc0f403548b1afba5d1ac2888e0d1b.png,2.098,0.514,0.183,0.183
f51c81c6242f6f9d85945c229ca034f0.png,1.496,-0.772,1.745,1.745
36876bbfc5648e5cadc73f1d30838aa2.png,0.112,-1.664,2.327,2.327
53ee7b232b6daac15e084e0c95aab4ff.png,0.12,0.61,3.113,3.113
00773571f50425e5fd76f08d1bfcdb34.png,-1.293,-0.683,1.581,1.581
0febd9d2b208ff474bad2c5787064eb3.png,-0.847,-1.847,2.588,2.588
cb39a42c9d90ae615f2237c1371da9fd.png,0.366,0.579,0.933,0.933
cb82554ddec5e5702e8c68a029e96c91.png,1.365,1.301,5.397,5.397
7a3847c2650855457f7f26575636d554.png,-1.844,-1.938,1.302,1.302
48779a5ebb874875df6e6bd3476e4229.png,-2.157,-1.158,0.034,0.034
9add346b97266c80f875d8585744093a.png,-2.174,-0.136,2.56,2.56
7582e35f0fb8551a5e72127b66919f63.png,-1.573,-0.849,3.463,3.463
9cbc4d01b9674da3eb58c89165809780.png,0.21,0.651,4.928,4.928
4d83483acd160c571d1706079de3226e.png,0.328,-0.967,4.028,4.028
118a2b94490005e47273976543fd6451.png,-0.624,-0.003,2.801,2.801
fa7b5bb0a045078f588c9c6ad75c26ee.png,-1.399,1.507,1.285,1.285
6ba79907f2d01521b4107ddc5ed21b43.png,-0.88,-1.3,6.067,6.067
e97e4bd6ddf62b41a57ac60da58e7bbc.png,-2.27,1.438,3.526,3.526
e7d2f25b813a4486fe15507039b57182.png,0.395,-1.832,0.612,0.612
8eb1a3cf46f573c3768d8582c7717b4c.png,-0.658,-1.902,4.776,4.776
496a505ff1eccfbb21c0125d00b8036b.png,0.897,2.388,4.04,4.04
65e2aaecaba722c51926d9b5cc693efd.png,-0.471,-1.111,5.953,5.953
161c34416817d39df672dd63a786735a.png,-2.413,0.417,0.214,0.214
162f3d509ad809d1876d6581fb486c3e.png,1.36,-1.444,3.712,3.712
d4b3ffe0c4f66a2b8c761314f3e1ce63.png,-0.778,-1.64,4.401,4.401
5e00978484fc1959935d5ee9e246f731.png,-1.011,-0.37,5.398,5.398
bbaaa88da2c81c452ed862eddd075c1d.png,-2.372,-0.449,2.071,2.071
9a76b055d08b55f5eec2aeb027e57413.png,-1.611,1.845,3.919,3.919
f48068d5f283d99eca4cdcd298ca4057.png,-0.313,1.576,5.077,5.077
756fe968ba6353d88f09707fb96d62d1.png,-0.535,-0.57,5.615,5.615
132af81d4a3b844b95a6c28a50794ac4.png,-1.217,1.52,5.174,5.174
0484e069fb859b21136afb5f03bf793d.png,0.866,2.018,3.791,3.791
48df022cda0e389bc7bdf3274207e6ae.png,-0.809,-1.602,3.447,3.447
0b8d02ec71daaac02286fb93a79fd5cc.png,-1.146,1.893,3.069,3.069
4b987d7d1eaa1ba08c760205d723a25f.png,0.896,-0.721,1.501,1.501
8a64617d5f49aa34626001bd1be3a502.png,1.688,2.093,1.955,1.955
e1115e92d5e04a58f88cc6a926d20334.png,0.246,-2.347,4.869,4.869
7948d8c2669bd2f6927ba463ffd3ef91.png,1.106,2.105,0.297,0.297
d180657c7a70d264505b2bdab54b33fd.png,-1.603,-0.909,2.168,2.168
7a3c7bddafe2587aa60cf37784331933.png,1.401,-2.46,2.195,2.195
b79e0b7404b702267de9336b6901f61c.png,-0.499,1.039,5.865,5.865
be952972d93b06ba43af3c0f9c9ce205.png,-2.47,-2.145,3.169,3.169
47a1b5901a9ef1bfe07fd017760bb83b.png,-2.278,-1.256,3.112,3.112
df481331f50beaeac52d206a2abde5b1.png,-0.239,-2.382,5.512,5.512
2f0d0e32bb0dc5b13d7413413fee9ebe.png,2.373,-0.405,4.949,4.949
e8080b018cad34d890aaf960b0436963.png,-1.639,0.726,2.91,2.91
4b70e113fbf0c202db8f9cef72c9b7b1.png,-1.76,0.77,2.601,2.601
f1e5c4f3113f927df81379a328f8348b.png,-1.472,-1.607,0.851,0.851
94d7a4dc59166cc54ec896d96ec0d3f8.png,-1.464,2.018,1.886,1.886
f760fe872870196249f5c429aac8adbc.png,-1.762,-1.922,6.238,6.238
fe85589fbcd95e77d912cd0d7e3200ae.png,0.685,1.459,0.27,0.27
8b3c3eb718bf3c4be445792d7bbf69f6.png,0.876,2.032,5.063,5.063
c46d11fbf27eaf94d0c1d4074cf51a2d.png,-1.004,-0.543,5.516,5.516
a9ae480d0309891a63e6d72cc697c8e0.png,2.455,1.895,4.141,4.141
e115767b85981a57b9d68f654de93f64.png,-2.351,-2.174,2.449,2.449
b486b43294d0ea7fe0ba9ba7ff077f57.png,-0.827,0.283,4.085,4.085
792386ec69b15bb9e18a037116178086.png,0.917,-0.059,3.642,3.642
1314e303c859a351ec64fc3cd47a0e78.png,-1.372,-1.093,2.489,2.489
0bc72369af0685ea2f48683d39c6b2d0.png,-2.458,-0.651,3.603,3.603
806c82a31dcfe61ec8cfb0db11bce394.png,2.106,-1.171,6.217,6.217
14a6f9926713b2dfe929fff093c3074c.png,0.086,1.474,2.228,2.228
dbd47b84d535beb96184f2904c87c7c1.png,-1.652,-1.52,1.312,1.312
6e1807be3e77d8894927a5d92db87f65.png,-0.838,-0.311,2.277,2.277
56cf7bf3b07ddf6a7263127861ed7360.png,1.928,0.937,3.59,3.59
20ae3af38e2f921e452f2b914c3be5c5.png,1.39,-0.149,6.172,6.172
3d3439fd663c058d70fbb0a56adf1bda.png,0.08,-0.382,1.753,1.753
8710f2f9f574e11e6d6e976f5145337b.png,0.267,-2.288,6.209,6.209
32452c8545a2ef4e4884cfff322fd2dd.png,-1.074,-2.259,6.09,6.09
61e91dacd1cc51216f8d8e5e70e51950.png,-2.442,-1.535,6.237,6.237
4596349bd835ecc208eea3493ee7a94e.png,-2.004,2.241,5.464,5.464
4fbb9f92b7b622b9bb688e50ee67c80f.png,-2.35,-1.014,5.621,5.621
72123cc6ad6ea99734f713cae0d34d9d.png,1.428,2.373,5.943,5.943
e4b020bcdc85e7095a0ce2ca1fce3b1d.png,-0.326,0.728,2.281,2.281
0bcadca78b17d7b0e7441feb910ae314.png,-0.273,0.485,2.948,2.948
1fe0f6b6cd191ccfe36648e7267cb7e0.png,2.1,1.312,1.427,1.427
619cad2650de638574e4e0dadb32f3e4.png,1.247,0.081,5.003,5.003
8010d4f21740f1496015265d50a6cc75.png,0.048,0.883,2.307,2.307
13b1edfc4e3a688e94e19fe262ee773d.png,-2.105,0.236,0.843,0.843
f901345785a024d90f8d913b11783437.png,-1.257,-0.878,3.195,3.195
3f2530d588082367862c43c806e8556d.png,-2.201,1.91,3.054,3.054
ed01dc1911c8219e70d9ec5657f95c05.png,1.043,-1.515,0.164,0.164
fb7451d8b27ae6037979e86e111de54e.png,0.937,-0.33,4.903,4.903
daebbfafeb1c4fb23373d4a16ebec83d.png,1.102,0.819,6.103,6.103
b52e3bd6e63e03f2df8f4867bddce55c.png,0.365,-0.51,1.694,1.694
f75778f32ec234613a1ea5b4c57f7f99.png,-2.207,2.138,3.156,3.156
a1ca17af024d55201cbed9df772edd11.png,-1.534,0.458,2.456,2.456
7aa8c286f0862f064f0f47603c77c3b9.png,-2.432,-0.447,4.754,4.754
8b00179c9c1559740f7ca0d543d4a440.png,-1.852,1.337,2.167,2.167
273e683afaad342d8f97d74c28e324ce.png,0.075,1.155,5.37,5.37
87b408851680da8d9120bca8f5172c3c.png,2.374,0.782,1.236,1.236
eb2f03be1d5d18685ae2a219972bd19d.png,0.909,-0.714,1.943,1.943
5453cf09fd08756b50e4826291ae26bb.png,-1.154,2.033,4.595,4.595
2d230018828dc9c5ffdecff1c637a015.png,1.483,1.088,2.718,2.718
5345cb12da834082f448735240809808.png,1.293,1.081,3.992,3.992
7a8e06baa0885bc0dc752d4848c28786.png,-1.697,-2.034,3.628,3.628
d5edddfce105d9f738140b57e28b8d20.png,-1.647,0.646,2.389,2.389
68f3cad370c991c57a6a36cb840f4e12.png,2.083,2.112,5.0,5.0
6a0f8ca85305e700769b89868ca052a0.png,1.474,1.95,6.007,6.007
730ba6749b1876e1c9ba2610c6c88860.png,-2.066,-0.427,2.52,2.52
7c49d54f1af2df0664ca614297c3012c.png,-1.644,-1.856,0.477,0.477
19b8a66d2cbdc0346182918eb8c705c0.png,-0.931,0.704,2.957,2.957
8a5c422a0038011e04b3e5a32f954ee3.png,-2.399,-0.853,5.107,5.107
7fa82f0f367ca0f3891b499e8a4eda4d.png,0.289,-0.801,2.158,2.158
f8ba4fecdbef467903bd9081fdc2ea69.png,-1.709,2.271,0.556,0.556
12936eff6982358c200262aefd66f92e.png,0.617,2.218,4.119,4.119
acf211e4d474b91b160531d443a48585.png,2.125,-1.386,1.864,1.864
da414a2bbc02d45d762b1489ce46f121.png,-1.628,-1.349,0.847,0.847
46397da5befb544360cf6af9fbe75bc9.png,0.392,-1.839,1.783,1.783
92f2b63dab5ef8f88fc26c8536199963.png,-0.804,0.504,5.653,5.653
42aed4846a024e904b0590dac6dcf695.png,1.778,2.029,5.784,5.784
071bf1e6c0329ce7f204f4a4d9ddfc53.png,-1.477,-1.948,5.533,5.533
4f63db7d0afeaa16ba2b7e7fa3d44cff.png,-1.272,2.05,1.211,1.211
e4e2e7d1c92b6296ab7ae41813dc4b3b.png,0.069,-1.794,3.359,3.359
dcb2e4b1ca5d96e9a9a47cc3c394f5bc.png,-1.852,-0.454,1.505,1.505
1141b06ab0c33b47d88e2d6ee775b4d8.png,-2.333,1.736,1.574,1.574
580e0070f3508bf1cff3688d256f8b7c.png,1.047,1.516,6.253,6.253
9736d69382e658f3b3b9ebc69250ecd6.png,-0.898,0.869,1.592,1.592
9731122feb002923272058dde35da57e.png,1.672,-2.012,4.506,4.506
2a42d0b7e11d2bd8c2dbc5ca4e7e3be3.png,-0.008,-1.965,4.94,4.94
1e30059b192f25032f81b2b0c4318fc8.png,0.812,1.031,6.047,6.047
cdc7ad70d7c2676545323be61d31e6dd.png,0.881,-0.815,5.047,5.047
a11b248edaaef0026fec3f6426a27897.png,1.45,1.295,0.534,0.534
d2b5b8df8eea5b7f36709787a1f70daf.png,-0.586,0.207,0.495,0.495
8b7ce386e91ff0b3f0b90624fea7bddc.png,1.001,1.398,3.952,3.952
0e4bbf99b662ca6a601f680cc4ad4efa.png,-1.904,-0.035,5.476,5.476
a1a5de9c0b630b63531f24d1ad4567e2.png,2.352,-0.343,5.064,5.064
2b7ebce4dbc2d2a6455a50b9b62246c9.png,1.371,-0.659,5.359,5.359
dec0f27aad949fa43aea4b78bfa2ba1d.png,1.292,-1.039,1.732,1.732
d847f252bca30ff735a042f258767102.png,2.07,0.093,3.641,3.641
c37658ef81ac682c7188678479407936.png,1.877,-0.565,4.98,4.98
4036ce32b8805f2d3c2a51966c037b86.png,2.049,-2.383,4.97,4.97
c9e5cd153258acbf72f06c0c91e036c1.png,-0.584,-0.178,5.56,5.56
e5011dc6a498cf5ae63a8a44248d453b.png,-0.676,-0.969,0.702,0.702
5ea9ba530ae971d8c7543666184ef512.png,0.746,0.369,3.682,3.682
bc67c7fe05e228caaf6192a75a28ada0.png,2.335,0.11,0.253,0.253
934fb6498effaba7c95c5c26c474e8cf.png,-1.784,2.3,1.71,1.71
c5ff848ee4f4189e2cbb93c2d8d3c4ab.png,1.613,-0.391,6.077,6.077
7444c44a24634eeee7dfff828b670ba9.png,-0.535,2.178,2.396,2.396
849bb0e37a9ff7523da1278407635579.png,1.381,-2.068,5.539,5.539
4dfda1fd84bfb91323c9d595f782f10a.png,-2.452,1.986,5.849,5.849
174c28342c3274c2a8f8569147d78b61.png,-1.339,-1.218,4.87,4.87
11dd895f43b2906d4c9b7084b4154784.png,2.154,1.102,4.439,4.439
b53eb7ddd8505e69ef7067c2fa5da660.png,-0.568,-1.835,3.942,3.942
7d08353f798d245a1be307da562506e6.png,-0.154,1.304,1.942,1.942
e89a12cc94a64c272af899ca85070440.png,-0.771,1.613,3.668,3.668
bf57d385046de67a3771b0ae1aad5016.png,-1.45,-2.462,4.519,4.519
6ffe7fb219f8b4e9e037d35408c852cf.png,0.276,2.012,3.701,3.701
e1b236dc1b99093512e93a28a009571d.png,0.068,-2.037,1.693,1.693
7fdfccf7e104f0cacc276125430460e0.png,-1.399,-1.563,4.964,4.964
302e14ca3eefcc9e81917540174642c7.png,-2.123,-1.796,4.535,4.535
9c3f52bc7505819979dafefdae99957c.png,-1.337,1.827,2.77,2.77
3ca3d49b480e8b323c07c28a010487ed.png,2.215,-0.624,5.131,5.131
e9341065934bd173ebf8f6ba72cac753.png,-0.24,-2.397,0.14,0.14
e2d524c4a154ea89ad9ed7778617bb22.png,-2.115,1.779,6.164,6.164
4f96db6ce0938235b541ae2c2d4cbbf8.png,-2.182,-1.725,3.225,3.225
808f305bba13ce1dd960746cf5e5262a.png,-1.073,2.11,0.443,0.443
7eaad67b09d9e43db66a2f6d5775f402.png,-1.941,-0.363,3.728,3.728
43022a71b08fd46bbd763a07f018f417.png,0.249,-1.949,5.863,5.863
0109d09fd59a6fcb0f53aa27448d7d4c.png,-0.42,1.477,2.585,2.585
136534cae1bbde6448447766c62ac7ce.png,-1.089,0.761,2.18,2.18
615e1c96f42a0ce4cb4105453465850e.png,1.529,1.936,5.207,5.207
51733d0eb9ee39706373226a610bec05.png,-0.861,-1.138,5.557,5.557
5cbd3b2af856cf45855f5988d75a10b6.png,-2.044,-0.181,0.307,0.307
847ccff62c3a9adc23bd28bbebac9cf5.png,-0.677,2.015,2.348,2.348
7166b2053240ea1028eb5ae8881cbbbc.png,-2.06,1.601,2.105,2.105
812e7fecab15e75a57269e3877d8d036.png,-2.189,1.257,6.066,6.066
743176a6eef6e2fc71649b8f477e11e6.png,-1.511,-0.776,0.007,0.007
652b3c385a1efcfc56a6e109c53f6a89.png,-1.557,-1.384,4.487,4.487
3bbfb7937641bf2c9e60fbc0e5281864.png,1.962,-0.333,4.055,4.055
83709ee5aa97f9ceec5a08b005bd360d.png,0.952,0.995,4.782,4.782
bbd1bb81b44a4a5828ac0cef4df69b3b.png,2.156,-2.436,4.854,4.854
aaf75fbefbbcb0114937748550cc203a.png,-0.116,-2.055,4.48,4.48
6b0e2a0973f2c57e37dfa0e277b9c256.png,-1.568,1.622,4.331,4.331
db3e79de553269a927b1be11d6bb0ae9.png,-0.108,-1.445,5.104,5.104
028f3be64406cd3e8b6d99b43132e46b.png,1.502,-0.147,5.559,5.559
5fe1428cf446f8a84c596b09f278373d.png,1.618,2.172,1.977,1.977
8c978979550b8250d3fe6fac7ea9933b.png,-0.662,-1.011,0.578,0.578
5a0615b9f54f3af0cb4b0dfe80348a0e.png,-1.165,-2.448,0.148,0.148
77c36e9c37affd277bdf303c13be57cf.png,1.856,0.75,4.991,4.991
d8bd2e32b0f2802ed395325a9f5d501d.png,-2.111,-2.105,2.384,2.384
0cdfad4859e3f63d429750a7fd925856.png,-0.523,-2.256,2.077,2.077
86e8332c75d0f1a7b145c8b9869bed0b.png,1.048,-1.089,2.043,2.043
390ad8a721ca2a8ccb2f175711428cd5.png,-0.281,-1.515,2.28,2.28
2047ec79cde4555800e63518a21df7fd.png,1.04,-1.803,0.38,0.38
716dfc8f827c499cc301c071319635a0.png,-0.812,-1.449,1.229,1.229
c473c8b3a51b62b1e0cbee320533e31e.png,1.301,-2.228,3.163,3.163
3f4c854ab234d21008c332445218b600.png,0.215,1.081,6.265,6.265
7feb904a9cad2f2f38ff8345c15e955c.png,-1.246,1.768,5.283,5.283
6bc8c9bee5cf8446c40d4e89d49b1082.png,1.737,0.413,1.121,1.121
87f6127ed1afe68496f6704a86073899.png,-2.222,-1.145,5.734,5.734
fd422a1b26bbd3fc22d4424b7dd7fa45.png,1.31,2.141,4.461,4.461
1a5341743fd2257a4d05489a351b55e8.png,-2.092,-1.298,0.312,0.312
5138671053c4e558178f3c604ad8bc52.png,1.552,0.498,6.099,6.099
8b92c483b70c6be36059fe35adb8c71d.png,1.482,0.599,3.181,3.181
5d2b01848ea79fe35f60d0e5f0f41e35.png,-0.457,-0.587,4.409,4.409
1a28753d2b42b7175c0a4ccd3ac0c563.png,-0.032,-0.892,6.179,6.179
50326fc473969602ac153a995c3e5947.png,1.076,-1.347,0.501,0.501
c5d518f1965c74f740faf243d5103879.png,1.986,1.309,5.371,5.371
f9d06b4164821bfd6930bff6532581bd.png,0.839,-2.051,5.813,5.813
b59f13b91de433b0e391990b22b54c7d.png,1.287,-0.833,0.886,0.886
c06f21bcdb65d4b5091adbceb1774820.png,2.249,-1.86,3.559,3.559
56a1f16878acd48c0bd90a267b46fcd3.png,0.038,0.674,0.628,0.628
9028cfe25208d1c16b8c3f94ba5b67a3.png,1.477,-0.748,5.788,5.788
0e81c3088ff0c87800b097d8e9c7efbb.png,2.3,-1.747,5.848,5.848
92bc9e3d23f3a844e7d83d227bce37a8.png,0.769,0.512,0.335,0.335
f185eba099781dc67a22adb54540c037.png,1.762,0.167,2.248,2.248
b71c2e02d938a2df1bc8f865a332c734.png,0.746,1.333,2.302,2.302
3a4db6fdbd7b8fe532f1e9a17f20b41a.png,-0.211,-1.08,2.962,2.962
7aca3e4dfcf9ec04da660f0789c8d7cd.png,0.257,-1.199,3.42,3.42
50e2801f6abd6eca5f04534c20fde03d.png,-0.241,0.9,1.701,1.701
fa1fef2e3fe5e45814b569c38922cb03.png,-1.778,0.26,4.419,4.419
19cabef773d8b695183a03c21c44b1af.png,-0.265,-0.957,2.152,2.152
da9abda33104259e7711c5a0a24828ed.png,-2.276,-0.612,0.576,0.576
d7bd252857b7163625d38b65bae0d3da.png,0.087,-0.276,5.51,5.51
f63eaeffd13de801686a11c79430c0df.png,0.557,-0.396,2.262,2.262
c3cae0383b78aa951565386f8dc2a327.png,0.633,1.49,3.934,3.934
8209144919a46b2542e16b73fe110080.png,-0.96,1.339,2.739,2.739
044b28cebc1e9a0a658fb42cd1e279e1.png,1.551,0.772,3.902,3.902
06b3a6a1926824d72a6db8ef7f81a343.png,-1.844,0.531,5.452,5.452
16251aacbd7caf33052a5f171c9c5eec.png,-0.957,-2.107,4.986,4.986
58443f27876074701cb6ed52c9352584.png,-0.756,-2.219,4.465,4.465
d237f389830940911dc308807f345b45.png,1.052,-1.992,6.211,6.211
b63ca70685e860868c0c0c52b5e0e0b8.png,-0.483,2.144,3.997,3.997
44240c075e47440707f0c05f4a48caf5.png,-0.918,-1.541,2.543,2.543
a8e4f7ec9955d97a7b6a97dfcf8f41c1.png,-1.532,1.135,5.939,5.939
8a790ce48a7b0602453541d8e7acde59.png,1.082,-1.469,3.789,3.789
bdf8cfff1eb944c87823a58d1dbcacbb.png,0.638,-1.232,2.599,2.599
0b9b5f3ad7bb23b2c8fff73e0e6a4abc.png,2.278,0.143,5.467,5.467
c5a3d8fad98dad6a5bfa24331c3dbaf8.png,1.217,-1.72,5.601,5.601
19c9c73a764c6691fae28287444d43da.png,0.722,-1.856,2.417,2.417
03aff86599fab65edf3a7e79e9c72f94.png,-1.176,-2.021,3.929,3.929
c5680d73d4f1b0c48c339dcef565050e.png,0.245,0.52,1.318,1.318
ac8c6cb7beb33c54f1bb05b8fe1c20c9.png,-1.395,0.377,4.349,4.349
2880c0342ea70a6ff6fd288d8d634250.png,-0.368,-1.77,5.865,5.865
77d16092fd955fdb009af1d1abe357d7.png,-0.469,-0.24,4.411,4.411
8553727970b1e4111bba607d4b4ee8af.png,-1.868,-1.127,1.444,1.444
29541d11a7d0672b5985239c5ef99521.png,0.837,0.063,1.313,1.313
f891164c1e9e0b5ca83c89cbee63eb45.png,0.769,1.872,2.164,2.164
02f350f3adc256a251473a572e4957da.png,-0.444,-1.024,1.161,1.161
fc232ed74d5586ed8df012016f82a55a.png,0.778,-0.045,4.627,4.627
a5ab31aa5c0a7b926f3597902b04fa4e.png,0.449,-1.404,4.027,4.027
a0082543cb0e96828483a4370e18c549.png,-2.467,-0.833,3.524,3.524
995a530aeb2564d58f4a45102d720edc.png,0.176,-0.412,0.309,0.309
3c9944fdca3e1985be2fc33414519c22.png,0.088,0.871,4.725,4.725
e310f7719a70e31564c009b82726529a.png,-2.241,-0.294,5.908,5.908
a13ebf4366f770fcf13a6824c3caabd5.png,1.979,1.818,5.997,5.997
03fd1632082de1a1d64ff485261083e2.png,-1.48,-0.932,4.874,4.874
26479d21b9b96bea5c5a533e22d02164.png,2.183,-0.762,2.605,2.605
372d0964f61658ad7a2426a2abb8b533.png,-1.875,1.725,3.153,3.153
317ac875e42a592a84d0b539be9546dd.png,-2.499,-0.246,3.262,3.262
7794232e59a23ced1d865ef540170206.png,-1.16,0.868,4.173,4.173
2b980a248ac017212c40e8e9b6b7fb37.png,-1.182,0.56,3.562,3.562
ff26b7d268495d4c0d2a42600a4fe222.png,2.253,1.482,3.63,3.63
51959ccb8e430d0ea449329dff2b8513.png,2.075,0.964,3.685,3.685
6717455074a8c496cd7d0091852ba6ad.png,0.403,-0.246,3.298,3.298
29ee1cf3302ecb722403518467e63518.png,-2.175,1.801,2.813,2.813
96a6b286ee18faf19a89f549521b1a4f.png,1.807,-0.168,4.602,4.602
f4340662531325b3d89814a751220a14.png,-0.572,-1.736,6.262,6.262
e1afd9e4726c83d487558018516e2897.png,-0.532,2.478,5.878,5.878
81b98b06f9b583bc926f8781c7340769.png,-0.394,-1.151,3.437,3.437
42cb2dfa005eef4b4fbb061ed0143f3e.png,0.415,0.258,4.719,4.719
1c8af2697c34c534f3a2bd59b9cb0e50.png,-0.849,1.507,6.206,6.206
b8c2c493790864382865eeb921cd92fd.png,2.416,-1.357,4.522,4.522
b4f2be34b8f11d0ac28bc45d5dd9f0a8.png,0.821,-1.437,5.587,5.587
ad5ed40d5102ff7e15cfb2dfc2cb4d5f.png,0.259,-1.064,3.834,3.834
cb8272fa00a8c2220311574e83d350ba.png,-0.459,1.692,6.179,6.179
ffc0ef19d49e53c474d5f2bd0b443ba8.png,-2.118,-0.372,1.082,1.082
9e6a2ddda54ea36e7911d121cf12b9d1.png,1.163,1.76,1.036,1.036
43a96b20b9dfa30e7e5cbe316e1e5e1b.png,-0.913,-0.931,4.083,4.083
c1b715b1cc931fc2167b31812d92838a.png,0.887,-1.66,0.643,0.643
755015753abcb1e071ddc431fbba8fb9.png,1.514,0.337,0.538,0.538
2434eec9f84a9939e44b6f6edb4b817b.png,-1.962,-0.558,2.714,2.714
0ebb8aeff1e2329ed1e31e36bfedf252.png,-0.974,0.515,6.042,6.042
63d00adcdb60713b946706772ba61f6f.png,-0.8,1.537,5.633,5.633
dd18aac72ed07b0e23186276739f1581.png,-1.503,0.88,5.663,5.663
b04801ca01695c3f4c432a78146bf5fa.png,1.279,-0.522,4.079,4.079
4f3931d2f3a48e3b5a6308dfd20c348f.png,-0.975,0.473,2.996,2.996
ff6fe1391c587b2edb2caf29ad0a4e60.png,-2.266,1.235,4.281,4.281
d9fa6acbe5d2b54ac92b7a1d9819b9ab.png,2.221,-1.66,6.101,6.101
5c6203a5359fa3771173d55017cfe735.png,2.165,0.651,2.32,2.32
196d605104dbc610eb8da299051c71c5.png,0.694,1.53,6.242,6.242
d1be916a48321d5172379d455412d37e.png,-1.469,2.386,3.609,3.609
b0e057b9f3e07946fe02490a68cb9794.png,0.425,0.779,4.097,4.097
fc52d83c3a013cbe123e8efca33fe9ad.png,0.862,1.183,2.158,2.158
e28e71ef3881448e27dd25f92746173e.png,0.495,-1.238,0.163,0.163
a616f74d538c5ab7eac437fbc640c453.png,2.35,1.412,4.49,4.49
9808da8556cff6b67cb8d686727d37b1.png,1.114,-1.753,3.973,3.973
b5e9d3ebef817fa31d8cdcf70e433480.png,-1.986,-0.36,4.582,4.582
f9408a5caf4ce04f4e807a630f00a08c.png,-0.359,-2.392,4.975,4.975
34c790f2d33418e5674b620d336c94b3.png,-2.45,-1.956,3.321,3.321
98acd4c3a086b08b94e9ee4c83840535.png,-1.033,-1.696,2.766,2.766
979d81525969001c5348b86fefacbe5f.png,-0.11,-1.561,4.199,4.199
49ac52e3fc24bcc75b3498eec84042cd.png,-0.916,0.3,1.903,1.903
48a1727326aec715409bfc90e118d00d.png,2.365,1.259,4.376,4.376
be084f1017bf076c6e191ec538658123.png,-1.439,-1.04,0.998,0.998
